node_id,package_spec,conflicting_nodes
ComfyUI-Allegro,accelerate accelerate==0.33.0,Comfyui_joy-caption-alpha-two:accelerate==1.1.1; interior-design-for-comfyui:accelerate==1.6.0; comfyui-mvadapter:accelerate==1.1.1; comfyui_if_memoavatar:accelerate==1.1.1; StableDesign-for-ComfyUI:accelerate==1.6.0
ComfyUI-Allegro,numpy numpy==1.24.4,comfyui_creepy_nodes:numpy==2.0.0; comfyui-fal-api-flux:numpy==2.1.1; Comfyui_mobilesam:numpy==2.1.2; comfyui-seamless-clone:numpy==2.2.0; ComfyUI-RabbitMQ-Publisher:numpy==2.1.3; comfyui-scene-composer:numpy==2.1.2; comfyui-structured-outputs:numpy==2.2.2; comfyui-prompt-factory:numpy==2.1.3
ComfyUI-Allegro,torch torch==2.4.1,ComfyUI-AutoTrimBG:torch==1.10.0; ComfyUI-SceneGenerator:torch==1.13.1
ComfyUI-AutoTrimBG,numpy numpy==1.21.2,comfyui_creepy_nodes:numpy==2.0.0; comfyui-fal-api-flux:numpy==2.1.1; Comfyui_mobilesam:numpy==2.1.2; comfyui-seamless-clone:numpy==2.2.0; ComfyUI-RabbitMQ-Publisher:numpy==2.1.3; comfyui-scene-composer:numpy==2.1.2; comfyui-structured-outputs:numpy==2.2.2; comfyui-prompt-factory:numpy==2.1.3
ComfyUI-AutoTrimBG,pillow pillow==8.4.0,ComfyUI-Simple_QR_Codes:pillow==10.4.0; ComfyUI_CrossImageAttention:pillow==10.1.0; objectfusion_comfyui_nodes:pillow==10.4.0; ComfyUI-LivePortrait_v2:pillow==10.4.0; ComfyUI-aichemy-nodes:pillow==10.2.0; ComfyUI-Flowty-TripoSR:pillow==10.1.0; ComfyUI-Turtle_Graphics_Demos:pillow==10.4.0; comfyui-nsfw-detection:pillow==10.3.0; comfyui-colorwheel:pillow==10.4.0; secureapicall:pillow==10.1.0; comfyui-stringsandthings:pillow==10.3.0; comfyui_dagthomas:pillow==10.4.0; Comfyui_CXH_Phi_3.5:pillow==10.3.0; ComfyUI-SmartCrop:pillow==10.3.0; ComfyUI-NSFW-Check:pillow==10.2.0; comfyui_visual_anagrams:pillow==10.1.0; ComfyUI-LivePortrait_v3:pillow==10.4.0; comfyui_creepy_nodes:pillow==11.0.0; interior-design-for-comfyui:pillow==11.2.1; ComfyUI-RabbitMQ-Publisher:pillow==11.0.0; comfyui-structured-outputs:pillow==11.1.0; StableDesign-for-ComfyUI:pillow==11.2.1; Openrouter-Node:pillow==9.5.0; ViewCrafter-ComfyUI:pillow==9.4.0; ComfyUI-SceneGenerator:pillow==9.0.1; Gecco-Discord-Autosend:pillow==9.5.0; ComfyUI_SemanticSAM:pillow==9.4.0
ComfyUI-AutoTrimBG,torch torch==1.10.0,ComfyUI_CosyVoice:torch==2.3.1; CosyVoice2:torch==2.3.1; ComfyUI_CrossImageAttention:torch==2.0.1; Openrouter-Node:torch==2.0.1; objectfusion_comfyui_nodes:torch==2.4.0; ComfyUI-LivePortrait_v2:torch==2.3.0+cu121; ComfyUI-aichemy-nodes:torch==2.1.2; ComfyUI-Allegro:torch==2.4.1; comfyui_llm_easyanimiate:torch==2.3.0+cu121; comfyui-colorwheel:torch==2.4.1; comfyui-seamless-clone:torch==2.5.1; comfyui-stringsandthings:torch==2.5.1; ComfyUI-StyleStudio:torch==2.1.0; comfyui_visual_anagrams:torch==2.1.1+cu118; FitDiT-ComfyUI:torch==2.4.0; comfyui-structured-outputs:torch==2.5.1; ComfyUI-LivePortrait_v3:torch==2.3.0+cu121
ComfyUI-DeepFuze,numpy numpy==1.26.4,comfyui_creepy_nodes:numpy==2.0.0; comfyui-fal-api-flux:numpy==2.1.1; Comfyui_mobilesam:numpy==2.1.2; comfyui-seamless-clone:numpy==2.2.0; ComfyUI-RabbitMQ-Publisher:numpy==2.1.3; comfyui-scene-composer:numpy==2.1.2; comfyui-structured-outputs:numpy==2.2.2; comfyui-prompt-factory:numpy==2.1.3
ComfyUI-DeepFuze,psutil psutil==5.9.8,comfyui-elegant-resource-monitor:psutil==6.0.0
ComfyUI-DragNUWA,pytorch-lightning pytorch-lightning==2.1.0,Comfyui_face_restorer:pytorch-lightning==1.0.8; ViewCrafter-ComfyUI:pytorch-lightning==1.9.3; ComfyUI-MotionCtrl-SVD:pytorch-lightning==1.9.0; ComfyUI-MotionCtrl:pytorch-lightning==1.9.0; Comfyui_Lama:pytorch-lightning==1.2.9; ComfyUI_Seg_VITON:pytorch-lightning==1.5.0; ComfyUI-PhotoDoodle:pytorch-lightning==1.9.0
ComfyUI-Flowty-LDSR,torchmetrics torchmetrics==0.11.4,comfyui-unianimate-w:torchmetrics==1.3.0.post0; ComfyUI-LivePortrait_v2:torchmetrics==1.5.1; comfyui-idm-vton:torchmetrics==1.4.0; ComfyUI-LivePortrait_v3:torchmetrics==1.5.1
ComfyUI-Flowty-TripoSR,pillow pillow==10.1.0,comfyui_creepy_nodes:pillow==11.0.0; interior-design-for-comfyui:pillow==11.2.1; ComfyUI-RabbitMQ-Publisher:pillow==11.0.0; comfyui-structured-outputs:pillow==11.1.0; StableDesign-for-ComfyUI:pillow==11.2.1; Openrouter-Node:pillow==9.5.0; ViewCrafter-ComfyUI:pillow==9.4.0; ComfyUI-SceneGenerator:pillow==9.0.1; Gecco-Discord-Autosend:pillow==9.5.0; ComfyUI_SemanticSAM:pillow==9.4.0; ComfyUI-AutoTrimBG:pillow==8.4.0
ComfyUI-Image-Harmonizer,anyio anyio==3.7.1,ComfyUI-LivePortrait_v2:anyio==4.4.0; promptprism:anyio==4.7.0; comfyui-structured-outputs:anyio==4.8.0; ComfyUI-LivePortrait_v3:anyio==4.4.0
ComfyUI-Image-Harmonizer,certifi certifi==2024.8.30,comfyui_visual_anagrams:certifi==2022.12.7; ComfyUI-aichemy-nodes:certifi==2023.11.17
ComfyUI-Image-Harmonizer,httpcore httpcore==0.17.3,ComfyUI-LivePortrait_v2:httpcore==1.0.5; promptprism:httpcore==1.0.7; comfyui-structured-outputs:httpcore==1.0.7; ComfyUI-LivePortrait_v3:httpcore==1.0.5
ComfyUI-LivePortrait_v2,accelerate accelerate==0.34.2,Comfyui_joy-caption-alpha-two:accelerate==1.1.1; interior-design-for-comfyui:accelerate==1.6.0; comfyui-mvadapter:accelerate==1.1.1; comfyui_if_memoavatar:accelerate==1.1.1; StableDesign-for-ComfyUI:accelerate==1.6.0
ComfyUI-LivePortrait_v2,albumentations albumentations==1.4.10,Comfyui_Lama:albumentations==0.5.2
ComfyUI-LivePortrait_v2,altair altair==5.4.1,ComfyUI-PhotoDoodle:altair==4.2.2
ComfyUI-LivePortrait_v2,anyio anyio==4.4.0,ComfyUI-Image-Harmonizer:anyio==3.7.1; comfyui-googletrans:anyio==3.7.1; ComfyUI_Sticker_Compositer:anyio==3.7.1
ComfyUI-LivePortrait_v2,async-timeout async-timeout==4.0.3,promptprism:async-timeout==5.0.1
ComfyUI-LivePortrait_v2,attrs attrs==24.2.0,comfyui_visual_anagrams:attrs==23.1.0; comfyui-structured-outputs:attrs==25.1.0
ComfyUI-LivePortrait_v2,av av==12.3.0,ViewCrafter-ComfyUI:av==10.0.0; Comfyui-MusePose:av==11.0.0
ComfyUI-LivePortrait_v2,certifi certifi==2024.8.30,comfyui_visual_anagrams:certifi==2022.12.7; ComfyUI-aichemy-nodes:certifi==2023.11.17
ComfyUI-LivePortrait_v2,charset-normalizer charset-normalizer==3.3.2,comfyui_visual_anagrams:charset-normalizer==2.1.1
ComfyUI-LivePortrait_v2,flatbuffers flatbuffers==24.3.25,comfyui_visual_anagrams:flatbuffers==23.5.26
ComfyUI-LivePortrait_v2,fsspec fsspec==2024.2.0,ComfyUI-aichemy-nodes:fsspec==2023.12.2; comfyui_visual_anagrams:fsspec==2023.12.0
ComfyUI-LivePortrait_v2,gradio gradio==4.37.1,ComfyUI_CosyVoice:gradio==5.4.0; FitDiT-ComfyUI:gradio==5.8.0; sketch2manga:gradio==3.41.2; ViewCrafter-ComfyUI:gradio==3.37.0; ComfyUI-MotionCtrl:gradio==3.37.0; Lora-Training-in-Comfy:gradio==3.41.2; ComfyUI-PhotoDoodle:gradio==3.6
ComfyUI-LivePortrait_v2,gradio_client gradio_client==1.0.2,ViewCrafter-ComfyUI:gradio_client==0.7.1; Comfyui-FlowChain:gradio_client==0.8.0
ComfyUI-LivePortrait_v2,httpcore httpcore==1.0.5,ComfyUI-Image-Harmonizer:httpcore==0.17.3; comfyui-googletrans:httpcore==0.17.3; ComfyUI_Sticker_Compositer:httpcore==0.17.3
ComfyUI-LivePortrait_v2,jsonschema-specifications jsonschema-specifications==2023.12.1,promptprism:jsonschema-specifications==2024.10.1
ComfyUI-LivePortrait_v2,markupsafe markupsafe==2.1.5,promptprism:markupsafe==3.0.2; comfyui-structured-outputs:markupsafe==3.0.2
ComfyUI-LivePortrait_v2,numpy numpy==1.26.4,comfyui_creepy_nodes:numpy==2.0.0; comfyui-fal-api-flux:numpy==2.1.1; Comfyui_mobilesam:numpy==2.1.2; comfyui-seamless-clone:numpy==2.2.0; ComfyUI-RabbitMQ-Publisher:numpy==2.1.3; comfyui-scene-composer:numpy==2.1.2; comfyui-structured-outputs:numpy==2.2.2; comfyui-prompt-factory:numpy==2.1.3
ComfyUI-LivePortrait_v2,nvidia-cudnn-cu12 nvidia-cudnn-cu12==8.9.2.26,comfyui-structured-outputs:nvidia-cudnn-cu12==9.1.0.70
ComfyUI-LivePortrait_v2,packaging packaging==24.1,ComfyUI-aichemy-nodes:packaging==23.2; comfyui_visual_anagrams:packaging==23.2
ComfyUI-LivePortrait_v2,pillow pillow==10.4.0,comfyui_creepy_nodes:pillow==11.0.0; interior-design-for-comfyui:pillow==11.2.1; ComfyUI-RabbitMQ-Publisher:pillow==11.0.0; comfyui-structured-outputs:pillow==11.1.0; StableDesign-for-ComfyUI:pillow==11.2.1; Openrouter-Node:pillow==9.5.0; ViewCrafter-ComfyUI:pillow==9.4.0; ComfyUI-SceneGenerator:pillow==9.0.1; Gecco-Discord-Autosend:pillow==9.5.0; ComfyUI_SemanticSAM:pillow==9.4.0; ComfyUI-AutoTrimBG:pillow==8.4.0
ComfyUI-LivePortrait_v2,protobuf protobuf==5.28.3,ComfyUI_CosyVoice:protobuf==4.25; ComfyUI_NTCosyVoice:protobuf==4.25; comfyui_magicquill_fixed:protobuf==4.25.4; ComfyUI_MagicQuill:protobuf==4.25.4; comfyui_visual_anagrams:protobuf==4.23.2; ComfyUI_LLaSM:protobuf==3.19.0; CosyVoice2:protobuf==3.20.2; ComfyUI_Light_A_Video:protobuf==3.20
ComfyUI-LivePortrait_v2,psutil psutil==5.9.8,comfyui-elegant-resource-monitor:psutil==6.0.0
ComfyUI-LivePortrait_v2,pytorch-lightning pytorch-lightning==2.4.0,Comfyui_face_restorer:pytorch-lightning==1.0.8; ViewCrafter-ComfyUI:pytorch-lightning==1.9.3; ComfyUI-MotionCtrl-SVD:pytorch-lightning==1.9.0; ComfyUI-MotionCtrl:pytorch-lightning==1.9.0; Comfyui_Lama:pytorch-lightning==1.2.9; ComfyUI_Seg_VITON:pytorch-lightning==1.5.0; ComfyUI-PhotoDoodle:pytorch-lightning==1.9.0
ComfyUI-LivePortrait_v2,pytz pytz==2024.1,ComfyUI-aichemy-nodes:pytz==2023.3.post1
ComfyUI-LivePortrait_v2,qrcode qrcode==7.4.2,ComfyUI-Simple_QR_Codes:qrcode==8.0
ComfyUI-LivePortrait_v2,regex regex==2024.7.24,comfyui_visual_anagrams:regex==2023.10.3
ComfyUI-LivePortrait_v2,tifffile tifffile==2024.8.30,comfyui_visual_anagrams:tifffile==2023.9.26
ComfyUI-LivePortrait_v2,timm timm==0.6.13,Comfyui_mobilesam:timm==1.0.9; sd-lora-trainer:timm==1.0.8; fooocus_nodes:timm==1.0.7
ComfyUI-LivePortrait_v2,torch torch==2.3.0+cu121,ComfyUI-AutoTrimBG:torch==1.10.0; ComfyUI-SceneGenerator:torch==1.13.1
ComfyUI-LivePortrait_v2,torchmetrics torchmetrics==1.5.1,ComfyUI_SemanticSAM:torchmetrics==0.6.0; ComfyUI-Flowty-LDSR:torchmetrics==0.11.4
ComfyUI-LivePortrait_v2,triton triton==2.3.0,comfyui-structured-outputs:triton==3.1.0
ComfyUI-LivePortrait_v2,tzdata tzdata==2024.1,ComfyUI-aichemy-nodes:tzdata==2023.4
ComfyUI-LivePortrait_v2,urllib3 urllib3==2.2.3,comfyui_visual_anagrams:urllib3==1.26.13; ComfyUI-MusePose-Remaster:urllib3==1.26.9; Comfyui-MusePose:urllib3==1.26.9
ComfyUI-LivePortrait_v2,watchdog watchdog==4.0.2,comfyui_usability:watchdog==3.0.0
ComfyUI-LivePortrait_v3,accelerate accelerate==0.34.2,Comfyui_joy-caption-alpha-two:accelerate==1.1.1; interior-design-for-comfyui:accelerate==1.6.0; comfyui-mvadapter:accelerate==1.1.1; comfyui_if_memoavatar:accelerate==1.1.1; StableDesign-for-ComfyUI:accelerate==1.6.0
ComfyUI-LivePortrait_v3,albumentations albumentations==1.4.10,Comfyui_Lama:albumentations==0.5.2
ComfyUI-LivePortrait_v3,altair altair==5.4.1,ComfyUI-PhotoDoodle:altair==4.2.2
ComfyUI-LivePortrait_v3,anyio anyio==4.4.0,ComfyUI-Image-Harmonizer:anyio==3.7.1; comfyui-googletrans:anyio==3.7.1; ComfyUI_Sticker_Compositer:anyio==3.7.1
ComfyUI-LivePortrait_v3,async-timeout async-timeout==4.0.3,promptprism:async-timeout==5.0.1
ComfyUI-LivePortrait_v3,attrs attrs==24.2.0,comfyui_visual_anagrams:attrs==23.1.0; comfyui-structured-outputs:attrs==25.1.0
ComfyUI-LivePortrait_v3,av av==12.3.0,ViewCrafter-ComfyUI:av==10.0.0; Comfyui-MusePose:av==11.0.0
ComfyUI-LivePortrait_v3,certifi certifi==2024.8.30,comfyui_visual_anagrams:certifi==2022.12.7; ComfyUI-aichemy-nodes:certifi==2023.11.17
ComfyUI-LivePortrait_v3,charset-normalizer charset-normalizer==3.3.2,comfyui_visual_anagrams:charset-normalizer==2.1.1
ComfyUI-LivePortrait_v3,flatbuffers flatbuffers==24.3.25,comfyui_visual_anagrams:flatbuffers==23.5.26
ComfyUI-LivePortrait_v3,fsspec fsspec==2024.2.0,ComfyUI-aichemy-nodes:fsspec==2023.12.2; comfyui_visual_anagrams:fsspec==2023.12.0
ComfyUI-LivePortrait_v3,gradio gradio==4.37.1,ComfyUI_CosyVoice:gradio==5.4.0; FitDiT-ComfyUI:gradio==5.8.0; sketch2manga:gradio==3.41.2; ViewCrafter-ComfyUI:gradio==3.37.0; ComfyUI-MotionCtrl:gradio==3.37.0; Lora-Training-in-Comfy:gradio==3.41.2; ComfyUI-PhotoDoodle:gradio==3.6
ComfyUI-LivePortrait_v3,gradio_client gradio_client==1.0.2,ViewCrafter-ComfyUI:gradio_client==0.7.1; Comfyui-FlowChain:gradio_client==0.8.0
ComfyUI-LivePortrait_v3,httpcore httpcore==1.0.5,ComfyUI-Image-Harmonizer:httpcore==0.17.3; comfyui-googletrans:httpcore==0.17.3; ComfyUI_Sticker_Compositer:httpcore==0.17.3
ComfyUI-LivePortrait_v3,jsonschema-specifications jsonschema-specifications==2023.12.1,promptprism:jsonschema-specifications==2024.10.1
ComfyUI-LivePortrait_v3,markupsafe markupsafe==2.1.5,promptprism:markupsafe==3.0.2; comfyui-structured-outputs:markupsafe==3.0.2
ComfyUI-LivePortrait_v3,numpy numpy==1.26.4,comfyui_creepy_nodes:numpy==2.0.0; comfyui-fal-api-flux:numpy==2.1.1; Comfyui_mobilesam:numpy==2.1.2; comfyui-seamless-clone:numpy==2.2.0; ComfyUI-RabbitMQ-Publisher:numpy==2.1.3; comfyui-scene-composer:numpy==2.1.2; comfyui-structured-outputs:numpy==2.2.2; comfyui-prompt-factory:numpy==2.1.3
ComfyUI-LivePortrait_v3,nvidia-cudnn-cu12 nvidia-cudnn-cu12==8.9.2.26,comfyui-structured-outputs:nvidia-cudnn-cu12==9.1.0.70
ComfyUI-LivePortrait_v3,packaging packaging==24.1,ComfyUI-aichemy-nodes:packaging==23.2; comfyui_visual_anagrams:packaging==23.2
ComfyUI-LivePortrait_v3,pillow pillow==10.4.0,comfyui_creepy_nodes:pillow==11.0.0; interior-design-for-comfyui:pillow==11.2.1; ComfyUI-RabbitMQ-Publisher:pillow==11.0.0; comfyui-structured-outputs:pillow==11.1.0; StableDesign-for-ComfyUI:pillow==11.2.1; Openrouter-Node:pillow==9.5.0; ViewCrafter-ComfyUI:pillow==9.4.0; ComfyUI-SceneGenerator:pillow==9.0.1; Gecco-Discord-Autosend:pillow==9.5.0; ComfyUI_SemanticSAM:pillow==9.4.0; ComfyUI-AutoTrimBG:pillow==8.4.0
ComfyUI-LivePortrait_v3,protobuf protobuf==5.28.3,ComfyUI_CosyVoice:protobuf==4.25; ComfyUI_NTCosyVoice:protobuf==4.25; comfyui_magicquill_fixed:protobuf==4.25.4; ComfyUI_MagicQuill:protobuf==4.25.4; comfyui_visual_anagrams:protobuf==4.23.2; ComfyUI_LLaSM:protobuf==3.19.0; CosyVoice2:protobuf==3.20.2; ComfyUI_Light_A_Video:protobuf==3.20
ComfyUI-LivePortrait_v3,psutil psutil==5.9.8,comfyui-elegant-resource-monitor:psutil==6.0.0
ComfyUI-LivePortrait_v3,pytorch-lightning pytorch-lightning==2.4.0,Comfyui_face_restorer:pytorch-lightning==1.0.8; ViewCrafter-ComfyUI:pytorch-lightning==1.9.3; ComfyUI-MotionCtrl-SVD:pytorch-lightning==1.9.0; ComfyUI-MotionCtrl:pytorch-lightning==1.9.0; Comfyui_Lama:pytorch-lightning==1.2.9; ComfyUI_Seg_VITON:pytorch-lightning==1.5.0; ComfyUI-PhotoDoodle:pytorch-lightning==1.9.0
ComfyUI-LivePortrait_v3,pytz pytz==2024.1,ComfyUI-aichemy-nodes:pytz==2023.3.post1
ComfyUI-LivePortrait_v3,qrcode qrcode==7.4.2,ComfyUI-Simple_QR_Codes:qrcode==8.0
ComfyUI-LivePortrait_v3,regex regex==2024.7.24,comfyui_visual_anagrams:regex==2023.10.3
ComfyUI-LivePortrait_v3,tifffile tifffile==2024.8.30,comfyui_visual_anagrams:tifffile==2023.9.26
ComfyUI-LivePortrait_v3,timm timm==0.6.13,Comfyui_mobilesam:timm==1.0.9; sd-lora-trainer:timm==1.0.8; fooocus_nodes:timm==1.0.7
ComfyUI-LivePortrait_v3,torch torch==2.3.0+cu121,ComfyUI-AutoTrimBG:torch==1.10.0; ComfyUI-SceneGenerator:torch==1.13.1
ComfyUI-LivePortrait_v3,torchmetrics torchmetrics==1.5.1,ComfyUI_SemanticSAM:torchmetrics==0.6.0; ComfyUI-Flowty-LDSR:torchmetrics==0.11.4
ComfyUI-LivePortrait_v3,triton triton==2.3.0,comfyui-structured-outputs:triton==3.1.0
ComfyUI-LivePortrait_v3,tzdata tzdata==2024.1,ComfyUI-aichemy-nodes:tzdata==2023.4
ComfyUI-LivePortrait_v3,urllib3 urllib3==2.2.3,comfyui_visual_anagrams:urllib3==1.26.13; ComfyUI-MusePose-Remaster:urllib3==1.26.9; Comfyui-MusePose:urllib3==1.26.9
ComfyUI-LivePortrait_v3,watchdog watchdog==4.0.2,comfyui_usability:watchdog==3.0.0
ComfyUI-MARS5-TTS,numpy numpy==1.26.4,comfyui_creepy_nodes:numpy==2.0.0; comfyui-fal-api-flux:numpy==2.1.1; Comfyui_mobilesam:numpy==2.1.2; comfyui-seamless-clone:numpy==2.2.0; ComfyUI-RabbitMQ-Publisher:numpy==2.1.3; comfyui-scene-composer:numpy==2.1.2; comfyui-structured-outputs:numpy==2.2.2; comfyui-prompt-factory:numpy==2.1.3
ComfyUI-MotionCtrl,gradio gradio==3.37.0,ComfyUI-StyleStudio:gradio==4.42.0; ComfyUI-LivePortrait_v2:gradio==4.37.1; ComfyUI-LivePortrait_v3:gradio==4.37.1; ComfyUI_CosyVoice:gradio==5.4.0; FitDiT-ComfyUI:gradio==5.8.0
ComfyUI-MotionCtrl,psutil psutil==5.9.5,comfyui-elegant-resource-monitor:psutil==6.0.0
ComfyUI-MotionCtrl,pytorch-lightning pytorch-lightning==1.9.0,ComfyUI-LivePortrait_v2:pytorch-lightning==2.4.0; ComfyUI-DragNUWA:pytorch-lightning==2.1.0; ComfyUI-SVD:pytorch-lightning==2.0.1; ComfyUI-LivePortrait_v3:pytorch-lightning==2.4.0
ComfyUI-MotionCtrl-SVD,psutil psutil==5.9.5,comfyui-elegant-resource-monitor:psutil==6.0.0
ComfyUI-MotionCtrl-SVD,pytorch-lightning pytorch-lightning==1.9.0,ComfyUI-LivePortrait_v2:pytorch-lightning==2.4.0; ComfyUI-DragNUWA:pytorch-lightning==2.1.0; ComfyUI-SVD:pytorch-lightning==2.0.1; ComfyUI-LivePortrait_v3:pytorch-lightning==2.4.0
ComfyUI-MusePose-Remaster,accelerate accelerate==0.29.3,Comfyui_joy-caption-alpha-two:accelerate==1.1.1; interior-design-for-comfyui:accelerate==1.6.0; comfyui-mvadapter:accelerate==1.1.1; comfyui_if_memoavatar:accelerate==1.1.1; StableDesign-for-ComfyUI:accelerate==1.6.0
ComfyUI-MusePose-Remaster,urllib3 urllib3==1.26.9,ComfyUI-aichemy-nodes:urllib3==2.1.0; ComfyUI-LivePortrait_v2:urllib3==2.2.3; promptprism:urllib3==2.3.0; comfyui-structured-outputs:urllib3==2.3.0; ComfyUI-LivePortrait_v3:urllib3==2.2.3
ComfyUI-NSFW-Check,pillow pillow==10.2.0,comfyui_creepy_nodes:pillow==11.0.0; interior-design-for-comfyui:pillow==11.2.1; ComfyUI-RabbitMQ-Publisher:pillow==11.0.0; comfyui-structured-outputs:pillow==11.1.0; StableDesign-for-ComfyUI:pillow==11.2.1; Openrouter-Node:pillow==9.5.0; ViewCrafter-ComfyUI:pillow==9.4.0; ComfyUI-SceneGenerator:pillow==9.0.1; Gecco-Discord-Autosend:pillow==9.5.0; ComfyUI_SemanticSAM:pillow==9.4.0; ComfyUI-AutoTrimBG:pillow==8.4.0
ComfyUI-PhotoDoodle,accelerate accelerate==0.33.0,Comfyui_joy-caption-alpha-two:accelerate==1.1.1; interior-design-for-comfyui:accelerate==1.6.0; comfyui-mvadapter:accelerate==1.1.1; comfyui_if_memoavatar:accelerate==1.1.1; StableDesign-for-ComfyUI:accelerate==1.6.0
ComfyUI-PhotoDoodle,altair altair==4.2.2,interior-design-for-comfyui:altair==5.5.0; ComfyUI-LivePortrait_v2:altair==5.4.1; ViewCrafter-ComfyUI:altair==5.4.0; StableDesign-for-ComfyUI:altair==5.5.0; ComfyUI-LivePortrait_v3:altair==5.4.1
ComfyUI-PhotoDoodle,gradio gradio==3.6,ComfyUI-StyleStudio:gradio==4.42.0; ComfyUI-LivePortrait_v2:gradio==4.37.1; ComfyUI-LivePortrait_v3:gradio==4.37.1; ComfyUI_CosyVoice:gradio==5.4.0; FitDiT-ComfyUI:gradio==5.8.0
ComfyUI-PhotoDoodle,pytorch-lightning pytorch-lightning==1.9.0,ComfyUI-LivePortrait_v2:pytorch-lightning==2.4.0; ComfyUI-DragNUWA:pytorch-lightning==2.1.0; ComfyUI-SVD:pytorch-lightning==2.0.1; ComfyUI-LivePortrait_v3:pytorch-lightning==2.4.0
ComfyUI-RVC,numpy numpy==1.23.5,comfyui_creepy_nodes:numpy==2.0.0; comfyui-fal-api-flux:numpy==2.1.1; Comfyui_mobilesam:numpy==2.1.2; comfyui-seamless-clone:numpy==2.2.0; ComfyUI-RabbitMQ-Publisher:numpy==2.1.3; comfyui-scene-composer:numpy==2.1.2; comfyui-structured-outputs:numpy==2.2.2; comfyui-prompt-factory:numpy==2.1.3
ComfyUI-RabbitMQ-Publisher,numpy numpy==2.1.3,ComfyUI_CrossImageAttention:numpy==1.24.1; ComfyUI-LivePortrait_v2:numpy==1.26.4; ComfyUI-Turtle_Graphics_Demos:numpy==1.26.4; ComfyUI-LivePortrait_v3:numpy==1.26.4; FireRedTTS-ComfyUI:numpy==1.26.4; diffusion360_comfyui:numpy==1.23.5; ComfyUI-aichemy-nodes:numpy==1.26.3; ComfyUI-MARS5-TTS:numpy==1.26.4; ComfyUI-SceneGenerator:numpy==1.23.1; comfyui-colorwheel:numpy==1.26.4; ComfyUI_MaskGCT:numpy==1.26.0; comfyui-unianimate-w:numpy==1.26.0; Gecco-Discord-Autosend:numpy==1.24.3; katalist-ai_comfyUI-nsfw-detection:numpy==1.26.4; comfyui-impact-subpack:numpy==1.26.4; F5-TTS-ComfyUI:numpy==1.26.4; comfyui-reactor:numpy==1.26.3; ComfyUI-Allegro:numpy==1.24.4; comfyui-stringsandthings:numpy==1.26.4; Comfyui_CXH_Phi_3.5:numpy==1.24.4; ComfyUI-StyleStudio:numpy==1.26.4; comfyui_visual_anagrams:numpy==1.23.5; FitDiT-ComfyUI:numpy==1.23.0; StableDesign-for-ComfyUI:numpy==1.26.4; ComfyUI-AutoTrimBG:numpy==1.21.2; comfyui_glm4_wrapper:numpy==1.26.4; interior-design-for-comfyui:numpy==1.26.4; ComfyUI-DeepFuze:numpy==1.26.4; sketch2manga:numpy==1.26.4; ViewCrafter-ComfyUI:numpy==1.23.5; ComfyUI-RVC:numpy==1.23.5; sd-lora-trainer:numpy==1.26.4; comfyui-triposg:numpy==1.22.3; comfyui_slk_joy_caption_two:numpy==1.26.4; ComfyUI_SemanticSAM:numpy==1.23.5
ComfyUI-RabbitMQ-Publisher,pillow pillow==11.0.0,ComfyUI-Simple_QR_Codes:pillow==10.4.0; ComfyUI_CrossImageAttention:pillow==10.1.0; objectfusion_comfyui_nodes:pillow==10.4.0; ComfyUI-LivePortrait_v2:pillow==10.4.0; ComfyUI-aichemy-nodes:pillow==10.2.0; ComfyUI-Flowty-TripoSR:pillow==10.1.0; ComfyUI-Turtle_Graphics_Demos:pillow==10.4.0; comfyui-nsfw-detection:pillow==10.3.0; comfyui-colorwheel:pillow==10.4.0; secureapicall:pillow==10.1.0; comfyui-stringsandthings:pillow==10.3.0; comfyui_dagthomas:pillow==10.4.0; Comfyui_CXH_Phi_3.5:pillow==10.3.0; ComfyUI-SmartCrop:pillow==10.3.0; ComfyUI-NSFW-Check:pillow==10.2.0; comfyui_visual_anagrams:pillow==10.1.0; ComfyUI-LivePortrait_v3:pillow==10.4.0; Openrouter-Node:pillow==9.5.0; ViewCrafter-ComfyUI:pillow==9.4.0; ComfyUI-SceneGenerator:pillow==9.0.1; Gecco-Discord-Autosend:pillow==9.5.0; ComfyUI_SemanticSAM:pillow==9.4.0; ComfyUI-AutoTrimBG:pillow==8.4.0
ComfyUI-SVD,pytorch-lightning pytorch-lightning==2.0.1,Comfyui_face_restorer:pytorch-lightning==1.0.8; ViewCrafter-ComfyUI:pytorch-lightning==1.9.3; ComfyUI-MotionCtrl-SVD:pytorch-lightning==1.9.0; ComfyUI-MotionCtrl:pytorch-lightning==1.9.0; Comfyui_Lama:pytorch-lightning==1.2.9; ComfyUI_Seg_VITON:pytorch-lightning==1.5.0; ComfyUI-PhotoDoodle:pytorch-lightning==1.9.0
ComfyUI-SceneGenerator,numpy numpy==1.23.1,comfyui_creepy_nodes:numpy==2.0.0; comfyui-fal-api-flux:numpy==2.1.1; Comfyui_mobilesam:numpy==2.1.2; comfyui-seamless-clone:numpy==2.2.0; ComfyUI-RabbitMQ-Publisher:numpy==2.1.3; comfyui-scene-composer:numpy==2.1.2; comfyui-structured-outputs:numpy==2.2.2; comfyui-prompt-factory:numpy==2.1.3
ComfyUI-SceneGenerator,pillow pillow==9.0.1,ComfyUI-Simple_QR_Codes:pillow==10.4.0; ComfyUI_CrossImageAttention:pillow==10.1.0; objectfusion_comfyui_nodes:pillow==10.4.0; ComfyUI-LivePortrait_v2:pillow==10.4.0; ComfyUI-aichemy-nodes:pillow==10.2.0; ComfyUI-Flowty-TripoSR:pillow==10.1.0; ComfyUI-Turtle_Graphics_Demos:pillow==10.4.0; comfyui-nsfw-detection:pillow==10.3.0; comfyui-colorwheel:pillow==10.4.0; secureapicall:pillow==10.1.0; comfyui-stringsandthings:pillow==10.3.0; comfyui_dagthomas:pillow==10.4.0; Comfyui_CXH_Phi_3.5:pillow==10.3.0; ComfyUI-SmartCrop:pillow==10.3.0; ComfyUI-NSFW-Check:pillow==10.2.0; comfyui_visual_anagrams:pillow==10.1.0; ComfyUI-LivePortrait_v3:pillow==10.4.0; comfyui_creepy_nodes:pillow==11.0.0; interior-design-for-comfyui:pillow==11.2.1; ComfyUI-RabbitMQ-Publisher:pillow==11.0.0; comfyui-structured-outputs:pillow==11.1.0; StableDesign-for-ComfyUI:pillow==11.2.1; ComfyUI-AutoTrimBG:pillow==8.4.0
ComfyUI-SceneGenerator,torch torch==1.13.1,ComfyUI_CosyVoice:torch==2.3.1; CosyVoice2:torch==2.3.1; ComfyUI_CrossImageAttention:torch==2.0.1; Openrouter-Node:torch==2.0.1; objectfusion_comfyui_nodes:torch==2.4.0; ComfyUI-LivePortrait_v2:torch==2.3.0+cu121; ComfyUI-aichemy-nodes:torch==2.1.2; ComfyUI-Allegro:torch==2.4.1; comfyui_llm_easyanimiate:torch==2.3.0+cu121; comfyui-colorwheel:torch==2.4.1; comfyui-seamless-clone:torch==2.5.1; comfyui-stringsandthings:torch==2.5.1; ComfyUI-StyleStudio:torch==2.1.0; comfyui_visual_anagrams:torch==2.1.1+cu118; FitDiT-ComfyUI:torch==2.4.0; comfyui-structured-outputs:torch==2.5.1; ComfyUI-LivePortrait_v3:torch==2.3.0+cu121
ComfyUI-Simple_QR_Codes,pillow pillow==10.4.0,comfyui_creepy_nodes:pillow==11.0.0; interior-design-for-comfyui:pillow==11.2.1; ComfyUI-RabbitMQ-Publisher:pillow==11.0.0; comfyui-structured-outputs:pillow==11.1.0; StableDesign-for-ComfyUI:pillow==11.2.1; Openrouter-Node:pillow==9.5.0; ViewCrafter-ComfyUI:pillow==9.4.0; ComfyUI-SceneGenerator:pillow==9.0.1; Gecco-Discord-Autosend:pillow==9.5.0; ComfyUI_SemanticSAM:pillow==9.4.0; ComfyUI-AutoTrimBG:pillow==8.4.0
ComfyUI-Simple_QR_Codes,qrcode qrcode==8.0,ComfyUI-LivePortrait_v2:qrcode==7.4.2; ComfyUI-LivePortrait_v3:qrcode==7.4.2
ComfyUI-SmartCrop,pillow pillow==10.3.0,comfyui_creepy_nodes:pillow==11.0.0; interior-design-for-comfyui:pillow==11.2.1; ComfyUI-RabbitMQ-Publisher:pillow==11.0.0; comfyui-structured-outputs:pillow==11.1.0; StableDesign-for-ComfyUI:pillow==11.2.1; Openrouter-Node:pillow==9.5.0; ViewCrafter-ComfyUI:pillow==9.4.0; ComfyUI-SceneGenerator:pillow==9.0.1; Gecco-Discord-Autosend:pillow==9.5.0; ComfyUI_SemanticSAM:pillow==9.4.0; ComfyUI-AutoTrimBG:pillow==8.4.0
ComfyUI-StyleStudio,gradio gradio==4.42.0,ComfyUI_CosyVoice:gradio==5.4.0; FitDiT-ComfyUI:gradio==5.8.0; sketch2manga:gradio==3.41.2; ViewCrafter-ComfyUI:gradio==3.37.0; ComfyUI-MotionCtrl:gradio==3.37.0; Lora-Training-in-Comfy:gradio==3.41.2; ComfyUI-PhotoDoodle:gradio==3.6
ComfyUI-StyleStudio,numpy numpy==1.26.4,comfyui_creepy_nodes:numpy==2.0.0; comfyui-fal-api-flux:numpy==2.1.1; Comfyui_mobilesam:numpy==2.1.2; comfyui-seamless-clone:numpy==2.2.0; ComfyUI-RabbitMQ-Publisher:numpy==2.1.3; comfyui-scene-composer:numpy==2.1.2; comfyui-structured-outputs:numpy==2.2.2; comfyui-prompt-factory:numpy==2.1.3
ComfyUI-StyleStudio,torch torch==2.1.0,ComfyUI-AutoTrimBG:torch==1.10.0; ComfyUI-SceneGenerator:torch==1.13.1
ComfyUI-ToonCrafter,pytorch_lightning pytorch_lightning==1.9.3,comfyui-unianimate-w:pytorch_lightning==2.3.0; fooocus_nodes:pytorch_lightning==2.3.3
ComfyUI-Turtle_Graphics_Demos,numpy numpy==1.26.4,comfyui_creepy_nodes:numpy==2.0.0; comfyui-fal-api-flux:numpy==2.1.1; Comfyui_mobilesam:numpy==2.1.2; comfyui-seamless-clone:numpy==2.2.0; ComfyUI-RabbitMQ-Publisher:numpy==2.1.3; comfyui-scene-composer:numpy==2.1.2; comfyui-structured-outputs:numpy==2.2.2; comfyui-prompt-factory:numpy==2.1.3
ComfyUI-Turtle_Graphics_Demos,pillow pillow==10.4.0,comfyui_creepy_nodes:pillow==11.0.0; interior-design-for-comfyui:pillow==11.2.1; ComfyUI-RabbitMQ-Publisher:pillow==11.0.0; comfyui-structured-outputs:pillow==11.1.0; StableDesign-for-ComfyUI:pillow==11.2.1; Openrouter-Node:pillow==9.5.0; ViewCrafter-ComfyUI:pillow==9.4.0; ComfyUI-SceneGenerator:pillow==9.0.1; Gecco-Discord-Autosend:pillow==9.5.0; ComfyUI_SemanticSAM:pillow==9.4.0; ComfyUI-AutoTrimBG:pillow==8.4.0
ComfyUI-Turtle_Graphics_Demos,webcolors webcolors==24.11.1,ComfyUI_MagicQuill:webcolors==1.13; img2colors-comfyui-node:webcolors==1.13
ComfyUI-aichemy-nodes,certifi certifi==2023.11.17,ComfyUI-LivePortrait_v2:certifi==2024.8.30; ViewCrafter-ComfyUI:certifi==2024.7.4; ComfyUI-Image-Harmonizer:certifi==2024.8.30; promptprism:certifi==2024.12.14; ComfyUI_Sticker_Compositer:certifi==2024.8.30; comfyui-googletrans:certifi==2024.8.30; comfyui-structured-outputs:certifi==2024.12.14; ComfyUI-LivePortrait_v3:certifi==2024.8.30; comfyui_visual_anagrams:certifi==2022.12.7
ComfyUI-aichemy-nodes,charset-normalizer charset-normalizer==3.3.2,comfyui_visual_anagrams:charset-normalizer==2.1.1
ComfyUI-aichemy-nodes,fsspec fsspec==2023.12.2,ComfyUI-LivePortrait_v2:fsspec==2024.2.0; promptprism:fsspec==2024.12.0; comfyui-structured-outputs:fsspec==2024.12.0; ComfyUI-LivePortrait_v3:fsspec==2024.2.0
ComfyUI-aichemy-nodes,markupsafe markupsafe==2.1.3,promptprism:markupsafe==3.0.2; comfyui-structured-outputs:markupsafe==3.0.2
ComfyUI-aichemy-nodes,numpy numpy==1.26.3,comfyui_creepy_nodes:numpy==2.0.0; comfyui-fal-api-flux:numpy==2.1.1; Comfyui_mobilesam:numpy==2.1.2; comfyui-seamless-clone:numpy==2.2.0; ComfyUI-RabbitMQ-Publisher:numpy==2.1.3; comfyui-scene-composer:numpy==2.1.2; comfyui-structured-outputs:numpy==2.2.2; comfyui-prompt-factory:numpy==2.1.3
ComfyUI-aichemy-nodes,packaging packaging==23.2,comfyui_creepy_nodes:packaging==24.2; ComfyUI-LivePortrait_v2:packaging==24.1; promptprism:packaging==24.2; katalist-ai_comfyUI-nsfw-detection:packaging==24.0; ComfyUI-LivePortrait_v3:packaging==24.1
ComfyUI-aichemy-nodes,pillow pillow==10.2.0,comfyui_creepy_nodes:pillow==11.0.0; interior-design-for-comfyui:pillow==11.2.1; ComfyUI-RabbitMQ-Publisher:pillow==11.0.0; comfyui-structured-outputs:pillow==11.1.0; StableDesign-for-ComfyUI:pillow==11.2.1; Openrouter-Node:pillow==9.5.0; ViewCrafter-ComfyUI:pillow==9.4.0; ComfyUI-SceneGenerator:pillow==9.0.1; Gecco-Discord-Autosend:pillow==9.5.0; ComfyUI_SemanticSAM:pillow==9.4.0; ComfyUI-AutoTrimBG:pillow==8.4.0
ComfyUI-aichemy-nodes,psutil psutil==5.9.7,comfyui-elegant-resource-monitor:psutil==6.0.0
ComfyUI-aichemy-nodes,pytz pytz==2023.3.post1,ComfyUI-LivePortrait_v2:pytz==2024.1; ComfyUI-LivePortrait_v3:pytz==2024.1
ComfyUI-aichemy-nodes,torch torch==2.1.2,ComfyUI-AutoTrimBG:torch==1.10.0; ComfyUI-SceneGenerator:torch==1.13.1
ComfyUI-aichemy-nodes,tzdata tzdata==2023.4,ComfyUI-LivePortrait_v2:tzdata==2024.1; ComfyUI-LivePortrait_v3:tzdata==2024.1
ComfyUI-aichemy-nodes,urllib3 urllib3==2.1.0,comfyui_visual_anagrams:urllib3==1.26.13; ComfyUI-MusePose-Remaster:urllib3==1.26.9; Comfyui-MusePose:urllib3==1.26.9
ComfyUI-moondream,accelerate accelerate==0.25.0,Comfyui_joy-caption-alpha-two:accelerate==1.1.1; interior-design-for-comfyui:accelerate==1.6.0; comfyui-mvadapter:accelerate==1.1.1; comfyui_if_memoavatar:accelerate==1.1.1; StableDesign-for-ComfyUI:accelerate==1.6.0
ComfyUI-moondream,timm timm==0.9.12,Comfyui_mobilesam:timm==1.0.9; sd-lora-trainer:timm==1.0.8; fooocus_nodes:timm==1.0.7
ComfyUI_CosyVoice,gradio gradio==5.4.0,ComfyUI-StyleStudio:gradio==4.42.0; ComfyUI-LivePortrait_v2:gradio==4.37.1; ComfyUI-LivePortrait_v3:gradio==4.37.1; sketch2manga:gradio==3.41.2; ViewCrafter-ComfyUI:gradio==3.37.0; ComfyUI-MotionCtrl:gradio==3.37.0; Lora-Training-in-Comfy:gradio==3.41.2; ComfyUI-PhotoDoodle:gradio==3.6
ComfyUI_CosyVoice,protobuf protobuf==4.25,ComfyUI-LivePortrait_v2:protobuf==5.28.3; katalist-ai_comfyUI-nsfw-detection:protobuf==5.26.1; ComfyUI-LivePortrait_v3:protobuf==5.28.3; ComfyUI_LLaSM:protobuf==3.19.0; CosyVoice2:protobuf==3.20.2; ComfyUI_Light_A_Video:protobuf==3.20
ComfyUI_CosyVoice,torch torch==2.3.1,ComfyUI-AutoTrimBG:torch==1.10.0; ComfyUI-SceneGenerator:torch==1.13.1
ComfyUI_CrossImageAttention,accelerate accelerate==0.20.3,Comfyui_joy-caption-alpha-two:accelerate==1.1.1; interior-design-for-comfyui:accelerate==1.6.0; comfyui-mvadapter:accelerate==1.1.1; comfyui_if_memoavatar:accelerate==1.1.1; StableDesign-for-ComfyUI:accelerate==1.6.0
ComfyUI_CrossImageAttention,numpy numpy==1.24.1,comfyui_creepy_nodes:numpy==2.0.0; comfyui-fal-api-flux:numpy==2.1.1; Comfyui_mobilesam:numpy==2.1.2; comfyui-seamless-clone:numpy==2.2.0; ComfyUI-RabbitMQ-Publisher:numpy==2.1.3; comfyui-scene-composer:numpy==2.1.2; comfyui-structured-outputs:numpy==2.2.2; comfyui-prompt-factory:numpy==2.1.3
ComfyUI_CrossImageAttention,pillow pillow==10.1.0,comfyui_creepy_nodes:pillow==11.0.0; interior-design-for-comfyui:pillow==11.2.1; ComfyUI-RabbitMQ-Publisher:pillow==11.0.0; comfyui-structured-outputs:pillow==11.1.0; StableDesign-for-ComfyUI:pillow==11.2.1; Openrouter-Node:pillow==9.5.0; ViewCrafter-ComfyUI:pillow==9.4.0; ComfyUI-SceneGenerator:pillow==9.0.1; Gecco-Discord-Autosend:pillow==9.5.0; ComfyUI_SemanticSAM:pillow==9.4.0; ComfyUI-AutoTrimBG:pillow==8.4.0
ComfyUI_CrossImageAttention,torch torch==2.0.1,ComfyUI-AutoTrimBG:torch==1.10.0; ComfyUI-SceneGenerator:torch==1.13.1
ComfyUI_LLaSM,protobuf protobuf==3.19.0,ComfyUI-LivePortrait_v2:protobuf==5.28.3; katalist-ai_comfyUI-nsfw-detection:protobuf==5.26.1; ComfyUI-LivePortrait_v3:protobuf==5.28.3; ComfyUI_CosyVoice:protobuf==4.25; ComfyUI_NTCosyVoice:protobuf==4.25; comfyui_magicquill_fixed:protobuf==4.25.4; ComfyUI_MagicQuill:protobuf==4.25.4; comfyui_visual_anagrams:protobuf==4.23.2
ComfyUI_Light_A_Video,protobuf protobuf==3.20,ComfyUI-LivePortrait_v2:protobuf==5.28.3; katalist-ai_comfyUI-nsfw-detection:protobuf==5.26.1; ComfyUI-LivePortrait_v3:protobuf==5.28.3; ComfyUI_CosyVoice:protobuf==4.25; ComfyUI_NTCosyVoice:protobuf==4.25; comfyui_magicquill_fixed:protobuf==4.25.4; ComfyUI_MagicQuill:protobuf==4.25.4; comfyui_visual_anagrams:protobuf==4.23.2
ComfyUI_MagicQuill,accelerate accelerate==0.33.0,Comfyui_joy-caption-alpha-two:accelerate==1.1.1; interior-design-for-comfyui:accelerate==1.6.0; comfyui-mvadapter:accelerate==1.1.1; comfyui_if_memoavatar:accelerate==1.1.1; StableDesign-for-ComfyUI:accelerate==1.6.0
ComfyUI_MagicQuill,protobuf protobuf==4.25.4,ComfyUI-LivePortrait_v2:protobuf==5.28.3; katalist-ai_comfyUI-nsfw-detection:protobuf==5.26.1; ComfyUI-LivePortrait_v3:protobuf==5.28.3; ComfyUI_LLaSM:protobuf==3.19.0; CosyVoice2:protobuf==3.20.2; ComfyUI_Light_A_Video:protobuf==3.20
ComfyUI_MagicQuill,timm timm==0.6.13,Comfyui_mobilesam:timm==1.0.9; sd-lora-trainer:timm==1.0.8; fooocus_nodes:timm==1.0.7
ComfyUI_MagicQuill,webcolors webcolors==1.13,comfyui_magicquill_fixed:webcolors==24.11.1; ComfyUI-Turtle_Graphics_Demos:webcolors==24.11.1
ComfyUI_MaskGCT,numpy numpy==1.26.0,comfyui_creepy_nodes:numpy==2.0.0; comfyui-fal-api-flux:numpy==2.1.1; Comfyui_mobilesam:numpy==2.1.2; comfyui-seamless-clone:numpy==2.2.0; ComfyUI-RabbitMQ-Publisher:numpy==2.1.3; comfyui-scene-composer:numpy==2.1.2; comfyui-structured-outputs:numpy==2.2.2; comfyui-prompt-factory:numpy==2.1.3
ComfyUI_NTCosyVoice,protobuf protobuf==4.25,ComfyUI-LivePortrait_v2:protobuf==5.28.3; katalist-ai_comfyUI-nsfw-detection:protobuf==5.26.1; ComfyUI-LivePortrait_v3:protobuf==5.28.3; ComfyUI_LLaSM:protobuf==3.19.0; CosyVoice2:protobuf==3.20.2; ComfyUI_Light_A_Video:protobuf==3.20
ComfyUI_Seg_VITON,pytorch-lightning pytorch-lightning==1.5.0,ComfyUI-LivePortrait_v2:pytorch-lightning==2.4.0; ComfyUI-DragNUWA:pytorch-lightning==2.1.0; ComfyUI-SVD:pytorch-lightning==2.0.1; ComfyUI-LivePortrait_v3:pytorch-lightning==2.4.0
ComfyUI_Seg_VITON,triton triton==2.0.0,comfyui-structured-outputs:triton==3.1.0
ComfyUI_SemanticSAM,numpy numpy==1.23.5,comfyui_creepy_nodes:numpy==2.0.0; comfyui-fal-api-flux:numpy==2.1.1; Comfyui_mobilesam:numpy==2.1.2; comfyui-seamless-clone:numpy==2.2.0; ComfyUI-RabbitMQ-Publisher:numpy==2.1.3; comfyui-scene-composer:numpy==2.1.2; comfyui-structured-outputs:numpy==2.2.2; comfyui-prompt-factory:numpy==2.1.3
ComfyUI_SemanticSAM,pillow pillow==9.4.0,ComfyUI-Simple_QR_Codes:pillow==10.4.0; ComfyUI_CrossImageAttention:pillow==10.1.0; objectfusion_comfyui_nodes:pillow==10.4.0; ComfyUI-LivePortrait_v2:pillow==10.4.0; ComfyUI-aichemy-nodes:pillow==10.2.0; ComfyUI-Flowty-TripoSR:pillow==10.1.0; ComfyUI-Turtle_Graphics_Demos:pillow==10.4.0; comfyui-nsfw-detection:pillow==10.3.0; comfyui-colorwheel:pillow==10.4.0; secureapicall:pillow==10.1.0; comfyui-stringsandthings:pillow==10.3.0; comfyui_dagthomas:pillow==10.4.0; Comfyui_CXH_Phi_3.5:pillow==10.3.0; ComfyUI-SmartCrop:pillow==10.3.0; ComfyUI-NSFW-Check:pillow==10.2.0; comfyui_visual_anagrams:pillow==10.1.0; ComfyUI-LivePortrait_v3:pillow==10.4.0; comfyui_creepy_nodes:pillow==11.0.0; interior-design-for-comfyui:pillow==11.2.1; ComfyUI-RabbitMQ-Publisher:pillow==11.0.0; comfyui-structured-outputs:pillow==11.1.0; StableDesign-for-ComfyUI:pillow==11.2.1; ComfyUI-AutoTrimBG:pillow==8.4.0
ComfyUI_SemanticSAM,timm timm==0.4.12,Comfyui_mobilesam:timm==1.0.9; sd-lora-trainer:timm==1.0.8; fooocus_nodes:timm==1.0.7
ComfyUI_SemanticSAM,torchmetrics torchmetrics==0.6.0,comfyui-unianimate-w:torchmetrics==1.3.0.post0; ComfyUI-LivePortrait_v2:torchmetrics==1.5.1; comfyui-idm-vton:torchmetrics==1.4.0; ComfyUI-LivePortrait_v3:torchmetrics==1.5.1
ComfyUI_Sticker_Compositer,anyio anyio==3.7.1,ComfyUI-LivePortrait_v2:anyio==4.4.0; promptprism:anyio==4.7.0; comfyui-structured-outputs:anyio==4.8.0; ComfyUI-LivePortrait_v3:anyio==4.4.0
ComfyUI_Sticker_Compositer,certifi certifi==2024.8.30,comfyui_visual_anagrams:certifi==2022.12.7; ComfyUI-aichemy-nodes:certifi==2023.11.17
ComfyUI_Sticker_Compositer,httpcore httpcore==0.17.3,ComfyUI-LivePortrait_v2:httpcore==1.0.5; promptprism:httpcore==1.0.7; comfyui-structured-outputs:httpcore==1.0.7; ComfyUI-LivePortrait_v3:httpcore==1.0.5
Comfyui-FlowChain,gradio_client gradio_client==0.8.0,ComfyUI-LivePortrait_v2:gradio_client==1.0.2; ComfyUI-LivePortrait_v3:gradio_client==1.0.2
Comfyui-MusePose,accelerate accelerate==0.29.3,Comfyui_joy-caption-alpha-two:accelerate==1.1.1; interior-design-for-comfyui:accelerate==1.6.0; comfyui-mvadapter:accelerate==1.1.1; comfyui_if_memoavatar:accelerate==1.1.1; StableDesign-for-ComfyUI:accelerate==1.6.0
Comfyui-MusePose,av av==11.0.0,ComfyUI-LivePortrait_v2:av==12.3.0; ComfyUI-LivePortrait_v3:av==12.3.0; ViewCrafter-ComfyUI:av==10.0.0
Comfyui-MusePose,urllib3 urllib3==1.26.9,ComfyUI-aichemy-nodes:urllib3==2.1.0; ComfyUI-LivePortrait_v2:urllib3==2.2.3; promptprism:urllib3==2.3.0; comfyui-structured-outputs:urllib3==2.3.0; ComfyUI-LivePortrait_v3:urllib3==2.2.3
Comfyui_CXH_Phi_3.5,accelerate accelerate==0.30.0,Comfyui_joy-caption-alpha-two:accelerate==1.1.1; interior-design-for-comfyui:accelerate==1.6.0; comfyui-mvadapter:accelerate==1.1.1; comfyui_if_memoavatar:accelerate==1.1.1; StableDesign-for-ComfyUI:accelerate==1.6.0
Comfyui_CXH_Phi_3.5,numpy numpy==1.24.4,comfyui_creepy_nodes:numpy==2.0.0; comfyui-fal-api-flux:numpy==2.1.1; Comfyui_mobilesam:numpy==2.1.2; comfyui-seamless-clone:numpy==2.2.0; ComfyUI-RabbitMQ-Publisher:numpy==2.1.3; comfyui-scene-composer:numpy==2.1.2; comfyui-structured-outputs:numpy==2.2.2; comfyui-prompt-factory:numpy==2.1.3
Comfyui_CXH_Phi_3.5,pillow pillow==10.3.0,comfyui_creepy_nodes:pillow==11.0.0; interior-design-for-comfyui:pillow==11.2.1; ComfyUI-RabbitMQ-Publisher:pillow==11.0.0; comfyui-structured-outputs:pillow==11.1.0; StableDesign-for-ComfyUI:pillow==11.2.1; Openrouter-Node:pillow==9.5.0; ViewCrafter-ComfyUI:pillow==9.4.0; ComfyUI-SceneGenerator:pillow==9.0.1; Gecco-Discord-Autosend:pillow==9.5.0; ComfyUI_SemanticSAM:pillow==9.4.0; ComfyUI-AutoTrimBG:pillow==8.4.0
Comfyui_Lama,albumentations albumentations==0.5.2,ComfyUI-LivePortrait_v2:albumentations==1.4.10; comfyui_if_memoavatar:albumentations==1.4.21; ComfyUI-LivePortrait_v3:albumentations==1.4.10
Comfyui_Lama,pytorch-lightning pytorch-lightning==1.2.9,ComfyUI-LivePortrait_v2:pytorch-lightning==2.4.0; ComfyUI-DragNUWA:pytorch-lightning==2.1.0; ComfyUI-SVD:pytorch-lightning==2.0.1; ComfyUI-LivePortrait_v3:pytorch-lightning==2.4.0
Comfyui_face_restorer,pytorch-lightning pytorch-lightning==1.0.8,ComfyUI-LivePortrait_v2:pytorch-lightning==2.4.0; ComfyUI-DragNUWA:pytorch-lightning==2.1.0; ComfyUI-SVD:pytorch-lightning==2.0.1; ComfyUI-LivePortrait_v3:pytorch-lightning==2.4.0
Comfyui_joy-caption-alpha-two,accelerate accelerate==1.1.1,fooocus_nodes:accelerate==0.32.1; comfyui-kandinsky22:accelerate==0.27.2; Comfyui-MusePose:accelerate==0.29.3; ComfyUI_CrossImageAttention:accelerate==0.20.3; ComfyUI-MusePose-Remaster:accelerate==0.29.3; objectfusion_comfyui_nodes:accelerate==0.33.0; comfyui_magicquill_fixed:accelerate==0.33.0; ComfyUI-LivePortrait_v2:accelerate==0.34.2; ComfyUI_MagicQuill:accelerate==0.33.0; ComfyUI-Allegro:accelerate==0.33.0; ComfyUI-moondream:accelerate==0.25.0; Comfyui_CXH_Phi_3.5:accelerate==0.30.0; comfyui-idm-vton:accelerate==0.30.0; Lora-Training-in-Comfy:accelerate==0.23.0; comfyui_visual_anagrams:accelerate==0.23.0; FitDiT-ComfyUI:accelerate==0.31.0; ComfyUI-PhotoDoodle:accelerate==0.33.0; ComfyUI-LivePortrait_v3:accelerate==0.34.2
Comfyui_mobilesam,numpy numpy==2.1.2,ComfyUI_CrossImageAttention:numpy==1.24.1; ComfyUI-LivePortrait_v2:numpy==1.26.4; ComfyUI-Turtle_Graphics_Demos:numpy==1.26.4; ComfyUI-LivePortrait_v3:numpy==1.26.4; FireRedTTS-ComfyUI:numpy==1.26.4; diffusion360_comfyui:numpy==1.23.5; ComfyUI-aichemy-nodes:numpy==1.26.3; ComfyUI-MARS5-TTS:numpy==1.26.4; ComfyUI-SceneGenerator:numpy==1.23.1; comfyui-colorwheel:numpy==1.26.4; ComfyUI_MaskGCT:numpy==1.26.0; comfyui-unianimate-w:numpy==1.26.0; Gecco-Discord-Autosend:numpy==1.24.3; katalist-ai_comfyUI-nsfw-detection:numpy==1.26.4; comfyui-impact-subpack:numpy==1.26.4; F5-TTS-ComfyUI:numpy==1.26.4; comfyui-reactor:numpy==1.26.3; ComfyUI-Allegro:numpy==1.24.4; comfyui-stringsandthings:numpy==1.26.4; Comfyui_CXH_Phi_3.5:numpy==1.24.4; ComfyUI-StyleStudio:numpy==1.26.4; comfyui_visual_anagrams:numpy==1.23.5; FitDiT-ComfyUI:numpy==1.23.0; StableDesign-for-ComfyUI:numpy==1.26.4; ComfyUI-AutoTrimBG:numpy==1.21.2; comfyui_glm4_wrapper:numpy==1.26.4; interior-design-for-comfyui:numpy==1.26.4; ComfyUI-DeepFuze:numpy==1.26.4; sketch2manga:numpy==1.26.4; ViewCrafter-ComfyUI:numpy==1.23.5; ComfyUI-RVC:numpy==1.23.5; sd-lora-trainer:numpy==1.26.4; comfyui-triposg:numpy==1.22.3; comfyui_slk_joy_caption_two:numpy==1.26.4; ComfyUI_SemanticSAM:numpy==1.23.5
Comfyui_mobilesam,timm timm==1.0.9,comfyui-Image-reward:timm==0.6.13; comfy_clip_blip_node:timm==0.4.12; comfyui_magicquill_fixed:timm==0.6.13; ComfyUI-LivePortrait_v2:timm==0.6.13; ViewCrafter-ComfyUI:timm==0.6.13; ComfyUI_MagicQuill:timm==0.6.13; ComfyUI-moondream:timm==0.9.12; comfyui-seggpt:timm==0.6.7; ComfyUI_SemanticSAM:timm==0.4.12; ComfyUI-LivePortrait_v3:timm==0.6.13
CosyVoice2,protobuf protobuf==3.20.2,ComfyUI-LivePortrait_v2:protobuf==5.28.3; katalist-ai_comfyUI-nsfw-detection:protobuf==5.26.1; ComfyUI-LivePortrait_v3:protobuf==5.28.3; ComfyUI_CosyVoice:protobuf==4.25; ComfyUI_NTCosyVoice:protobuf==4.25; comfyui_magicquill_fixed:protobuf==4.25.4; ComfyUI_MagicQuill:protobuf==4.25.4; comfyui_visual_anagrams:protobuf==4.23.2
CosyVoice2,torch torch==2.3.1,ComfyUI-AutoTrimBG:torch==1.10.0; ComfyUI-SceneGenerator:torch==1.13.1
F5-TTS-ComfyUI,numpy numpy==1.26.4,comfyui_creepy_nodes:numpy==2.0.0; comfyui-fal-api-flux:numpy==2.1.1; Comfyui_mobilesam:numpy==2.1.2; comfyui-seamless-clone:numpy==2.2.0; ComfyUI-RabbitMQ-Publisher:numpy==2.1.3; comfyui-scene-composer:numpy==2.1.2; comfyui-structured-outputs:numpy==2.2.2; comfyui-prompt-factory:numpy==2.1.3
FireRedTTS-ComfyUI,numpy numpy==1.26.4,comfyui_creepy_nodes:numpy==2.0.0; comfyui-fal-api-flux:numpy==2.1.1; Comfyui_mobilesam:numpy==2.1.2; comfyui-seamless-clone:numpy==2.2.0; ComfyUI-RabbitMQ-Publisher:numpy==2.1.3; comfyui-scene-composer:numpy==2.1.2; comfyui-structured-outputs:numpy==2.2.2; comfyui-prompt-factory:numpy==2.1.3
FitDiT-ComfyUI,accelerate accelerate==0.31.0,Comfyui_joy-caption-alpha-two:accelerate==1.1.1; interior-design-for-comfyui:accelerate==1.6.0; comfyui-mvadapter:accelerate==1.1.1; comfyui_if_memoavatar:accelerate==1.1.1; StableDesign-for-ComfyUI:accelerate==1.6.0
FitDiT-ComfyUI,gradio gradio==5.8.0,ComfyUI-StyleStudio:gradio==4.42.0; ComfyUI-LivePortrait_v2:gradio==4.37.1; ComfyUI-LivePortrait_v3:gradio==4.37.1; sketch2manga:gradio==3.41.2; ViewCrafter-ComfyUI:gradio==3.37.0; ComfyUI-MotionCtrl:gradio==3.37.0; Lora-Training-in-Comfy:gradio==3.41.2; ComfyUI-PhotoDoodle:gradio==3.6
FitDiT-ComfyUI,numpy numpy==1.23.0,comfyui_creepy_nodes:numpy==2.0.0; comfyui-fal-api-flux:numpy==2.1.1; Comfyui_mobilesam:numpy==2.1.2; comfyui-seamless-clone:numpy==2.2.0; ComfyUI-RabbitMQ-Publisher:numpy==2.1.3; comfyui-scene-composer:numpy==2.1.2; comfyui-structured-outputs:numpy==2.2.2; comfyui-prompt-factory:numpy==2.1.3
FitDiT-ComfyUI,torch torch==2.4.0,ComfyUI-AutoTrimBG:torch==1.10.0; ComfyUI-SceneGenerator:torch==1.13.1
Gecco-Discord-Autosend,numpy numpy==1.24.3,comfyui_creepy_nodes:numpy==2.0.0; comfyui-fal-api-flux:numpy==2.1.1; Comfyui_mobilesam:numpy==2.1.2; comfyui-seamless-clone:numpy==2.2.0; ComfyUI-RabbitMQ-Publisher:numpy==2.1.3; comfyui-scene-composer:numpy==2.1.2; comfyui-structured-outputs:numpy==2.2.2; comfyui-prompt-factory:numpy==2.1.3
Gecco-Discord-Autosend,pillow pillow==9.5.0,ComfyUI-Simple_QR_Codes:pillow==10.4.0; ComfyUI_CrossImageAttention:pillow==10.1.0; objectfusion_comfyui_nodes:pillow==10.4.0; ComfyUI-LivePortrait_v2:pillow==10.4.0; ComfyUI-aichemy-nodes:pillow==10.2.0; ComfyUI-Flowty-TripoSR:pillow==10.1.0; ComfyUI-Turtle_Graphics_Demos:pillow==10.4.0; comfyui-nsfw-detection:pillow==10.3.0; comfyui-colorwheel:pillow==10.4.0; secureapicall:pillow==10.1.0; comfyui-stringsandthings:pillow==10.3.0; comfyui_dagthomas:pillow==10.4.0; Comfyui_CXH_Phi_3.5:pillow==10.3.0; ComfyUI-SmartCrop:pillow==10.3.0; ComfyUI-NSFW-Check:pillow==10.2.0; comfyui_visual_anagrams:pillow==10.1.0; ComfyUI-LivePortrait_v3:pillow==10.4.0; comfyui_creepy_nodes:pillow==11.0.0; interior-design-for-comfyui:pillow==11.2.1; ComfyUI-RabbitMQ-Publisher:pillow==11.0.0; comfyui-structured-outputs:pillow==11.1.0; StableDesign-for-ComfyUI:pillow==11.2.1; ComfyUI-AutoTrimBG:pillow==8.4.0
Lora-Training-in-Comfy,accelerate accelerate==0.23.0,Comfyui_joy-caption-alpha-two:accelerate==1.1.1; interior-design-for-comfyui:accelerate==1.6.0; comfyui-mvadapter:accelerate==1.1.1; comfyui_if_memoavatar:accelerate==1.1.1; StableDesign-for-ComfyUI:accelerate==1.6.0
Lora-Training-in-Comfy,gradio gradio==3.41.2,ComfyUI-StyleStudio:gradio==4.42.0; ComfyUI-LivePortrait_v2:gradio==4.37.1; ComfyUI-LivePortrait_v3:gradio==4.37.1; ComfyUI_CosyVoice:gradio==5.4.0; FitDiT-ComfyUI:gradio==5.8.0
Openrouter-Node,pillow pillow==9.5.0,ComfyUI-Simple_QR_Codes:pillow==10.4.0; ComfyUI_CrossImageAttention:pillow==10.1.0; objectfusion_comfyui_nodes:pillow==10.4.0; ComfyUI-LivePortrait_v2:pillow==10.4.0; ComfyUI-aichemy-nodes:pillow==10.2.0; ComfyUI-Flowty-TripoSR:pillow==10.1.0; ComfyUI-Turtle_Graphics_Demos:pillow==10.4.0; comfyui-nsfw-detection:pillow==10.3.0; comfyui-colorwheel:pillow==10.4.0; secureapicall:pillow==10.1.0; comfyui-stringsandthings:pillow==10.3.0; comfyui_dagthomas:pillow==10.4.0; Comfyui_CXH_Phi_3.5:pillow==10.3.0; ComfyUI-SmartCrop:pillow==10.3.0; ComfyUI-NSFW-Check:pillow==10.2.0; comfyui_visual_anagrams:pillow==10.1.0; ComfyUI-LivePortrait_v3:pillow==10.4.0; comfyui_creepy_nodes:pillow==11.0.0; interior-design-for-comfyui:pillow==11.2.1; ComfyUI-RabbitMQ-Publisher:pillow==11.0.0; comfyui-structured-outputs:pillow==11.1.0; StableDesign-for-ComfyUI:pillow==11.2.1; ComfyUI-AutoTrimBG:pillow==8.4.0
Openrouter-Node,torch torch==2.0.1,ComfyUI-AutoTrimBG:torch==1.10.0; ComfyUI-SceneGenerator:torch==1.13.1
StableDesign-for-ComfyUI,accelerate accelerate==1.6.0,fooocus_nodes:accelerate==0.32.1; comfyui-kandinsky22:accelerate==0.27.2; Comfyui-MusePose:accelerate==0.29.3; ComfyUI_CrossImageAttention:accelerate==0.20.3; ComfyUI-MusePose-Remaster:accelerate==0.29.3; objectfusion_comfyui_nodes:accelerate==0.33.0; comfyui_magicquill_fixed:accelerate==0.33.0; ComfyUI-LivePortrait_v2:accelerate==0.34.2; ComfyUI_MagicQuill:accelerate==0.33.0; ComfyUI-Allegro:accelerate==0.33.0; ComfyUI-moondream:accelerate==0.25.0; Comfyui_CXH_Phi_3.5:accelerate==0.30.0; comfyui-idm-vton:accelerate==0.30.0; Lora-Training-in-Comfy:accelerate==0.23.0; comfyui_visual_anagrams:accelerate==0.23.0; FitDiT-ComfyUI:accelerate==0.31.0; ComfyUI-PhotoDoodle:accelerate==0.33.0; ComfyUI-LivePortrait_v3:accelerate==0.34.2
StableDesign-for-ComfyUI,altair altair==5.5.0,ComfyUI-PhotoDoodle:altair==4.2.2
StableDesign-for-ComfyUI,numpy numpy==1.26.4,comfyui_creepy_nodes:numpy==2.0.0; comfyui-fal-api-flux:numpy==2.1.1; Comfyui_mobilesam:numpy==2.1.2; comfyui-seamless-clone:numpy==2.2.0; ComfyUI-RabbitMQ-Publisher:numpy==2.1.3; comfyui-scene-composer:numpy==2.1.2; comfyui-structured-outputs:numpy==2.2.2; comfyui-prompt-factory:numpy==2.1.3
StableDesign-for-ComfyUI,pillow pillow==11.2.1,ComfyUI-Simple_QR_Codes:pillow==10.4.0; ComfyUI_CrossImageAttention:pillow==10.1.0; objectfusion_comfyui_nodes:pillow==10.4.0; ComfyUI-LivePortrait_v2:pillow==10.4.0; ComfyUI-aichemy-nodes:pillow==10.2.0; ComfyUI-Flowty-TripoSR:pillow==10.1.0; ComfyUI-Turtle_Graphics_Demos:pillow==10.4.0; comfyui-nsfw-detection:pillow==10.3.0; comfyui-colorwheel:pillow==10.4.0; secureapicall:pillow==10.1.0; comfyui-stringsandthings:pillow==10.3.0; comfyui_dagthomas:pillow==10.4.0; Comfyui_CXH_Phi_3.5:pillow==10.3.0; ComfyUI-SmartCrop:pillow==10.3.0; ComfyUI-NSFW-Check:pillow==10.2.0; comfyui_visual_anagrams:pillow==10.1.0; ComfyUI-LivePortrait_v3:pillow==10.4.0; Openrouter-Node:pillow==9.5.0; ViewCrafter-ComfyUI:pillow==9.4.0; ComfyUI-SceneGenerator:pillow==9.0.1; Gecco-Discord-Autosend:pillow==9.5.0; ComfyUI_SemanticSAM:pillow==9.4.0; ComfyUI-AutoTrimBG:pillow==8.4.0
ViewCrafter-ComfyUI,altair altair==5.4.0,ComfyUI-PhotoDoodle:altair==4.2.2
ViewCrafter-ComfyUI,av av==10.0.0,ComfyUI-LivePortrait_v2:av==12.3.0; ComfyUI-LivePortrait_v3:av==12.3.0; Comfyui-MusePose:av==11.0.0
ViewCrafter-ComfyUI,certifi certifi==2024.7.4,comfyui_visual_anagrams:certifi==2022.12.7; ComfyUI-aichemy-nodes:certifi==2023.11.17
ViewCrafter-ComfyUI,gradio gradio==3.37.0,ComfyUI-StyleStudio:gradio==4.42.0; ComfyUI-LivePortrait_v2:gradio==4.37.1; ComfyUI-LivePortrait_v3:gradio==4.37.1; ComfyUI_CosyVoice:gradio==5.4.0; FitDiT-ComfyUI:gradio==5.8.0
ViewCrafter-ComfyUI,gradio_client gradio_client==0.7.1,ComfyUI-LivePortrait_v2:gradio_client==1.0.2; ComfyUI-LivePortrait_v3:gradio_client==1.0.2
ViewCrafter-ComfyUI,numpy numpy==1.23.5,comfyui_creepy_nodes:numpy==2.0.0; comfyui-fal-api-flux:numpy==2.1.1; Comfyui_mobilesam:numpy==2.1.2; comfyui-seamless-clone:numpy==2.2.0; ComfyUI-RabbitMQ-Publisher:numpy==2.1.3; comfyui-scene-composer:numpy==2.1.2; comfyui-structured-outputs:numpy==2.2.2; comfyui-prompt-factory:numpy==2.1.3
ViewCrafter-ComfyUI,pillow pillow==9.4.0,ComfyUI-Simple_QR_Codes:pillow==10.4.0; ComfyUI_CrossImageAttention:pillow==10.1.0; objectfusion_comfyui_nodes:pillow==10.4.0; ComfyUI-LivePortrait_v2:pillow==10.4.0; ComfyUI-aichemy-nodes:pillow==10.2.0; ComfyUI-Flowty-TripoSR:pillow==10.1.0; ComfyUI-Turtle_Graphics_Demos:pillow==10.4.0; comfyui-nsfw-detection:pillow==10.3.0; comfyui-colorwheel:pillow==10.4.0; secureapicall:pillow==10.1.0; comfyui-stringsandthings:pillow==10.3.0; comfyui_dagthomas:pillow==10.4.0; Comfyui_CXH_Phi_3.5:pillow==10.3.0; ComfyUI-SmartCrop:pillow==10.3.0; ComfyUI-NSFW-Check:pillow==10.2.0; comfyui_visual_anagrams:pillow==10.1.0; ComfyUI-LivePortrait_v3:pillow==10.4.0; comfyui_creepy_nodes:pillow==11.0.0; interior-design-for-comfyui:pillow==11.2.1; ComfyUI-RabbitMQ-Publisher:pillow==11.0.0; comfyui-structured-outputs:pillow==11.1.0; StableDesign-for-ComfyUI:pillow==11.2.1; ComfyUI-AutoTrimBG:pillow==8.4.0
ViewCrafter-ComfyUI,pytorch-lightning pytorch-lightning==1.9.3,ComfyUI-LivePortrait_v2:pytorch-lightning==2.4.0; ComfyUI-DragNUWA:pytorch-lightning==2.1.0; ComfyUI-SVD:pytorch-lightning==2.0.1; ComfyUI-LivePortrait_v3:pytorch-lightning==2.4.0
ViewCrafter-ComfyUI,timm timm==0.6.13,Comfyui_mobilesam:timm==1.0.9; sd-lora-trainer:timm==1.0.8; fooocus_nodes:timm==1.0.7
comfy_clip_blip_node,timm timm==0.4.12,Comfyui_mobilesam:timm==1.0.9; sd-lora-trainer:timm==1.0.8; fooocus_nodes:timm==1.0.7
comfyui-Image-reward,timm timm==0.6.13,Comfyui_mobilesam:timm==1.0.9; sd-lora-trainer:timm==1.0.8; fooocus_nodes:timm==1.0.7
comfyui-colorwheel,numpy numpy==1.26.4,comfyui_creepy_nodes:numpy==2.0.0; comfyui-fal-api-flux:numpy==2.1.1; Comfyui_mobilesam:numpy==2.1.2; comfyui-seamless-clone:numpy==2.2.0; ComfyUI-RabbitMQ-Publisher:numpy==2.1.3; comfyui-scene-composer:numpy==2.1.2; comfyui-structured-outputs:numpy==2.2.2; comfyui-prompt-factory:numpy==2.1.3
comfyui-colorwheel,pillow pillow==10.4.0,comfyui_creepy_nodes:pillow==11.0.0; interior-design-for-comfyui:pillow==11.2.1; ComfyUI-RabbitMQ-Publisher:pillow==11.0.0; comfyui-structured-outputs:pillow==11.1.0; StableDesign-for-ComfyUI:pillow==11.2.1; Openrouter-Node:pillow==9.5.0; ViewCrafter-ComfyUI:pillow==9.4.0; ComfyUI-SceneGenerator:pillow==9.0.1; Gecco-Discord-Autosend:pillow==9.5.0; ComfyUI_SemanticSAM:pillow==9.4.0; ComfyUI-AutoTrimBG:pillow==8.4.0
comfyui-colorwheel,torch torch==2.4.1,ComfyUI-AutoTrimBG:torch==1.10.0; ComfyUI-SceneGenerator:torch==1.13.1
comfyui-elegant-resource-monitor,flask flask==3.0.3,petty-paint-comfyui-node:flask==2.1.2
comfyui-elegant-resource-monitor,markupsafe markupsafe==2.1.5,promptprism:markupsafe==3.0.2; comfyui-structured-outputs:markupsafe==3.0.2
comfyui-elegant-resource-monitor,psutil psutil==6.0.0,ComfyUI-DeepFuze:psutil==5.9.8; objectfusion_comfyui_nodes:psutil==5.9.0; ComfyUI-LivePortrait_v2:psutil==5.9.8; ComfyUI-aichemy-nodes:psutil==5.9.7; ComfyUI-MotionCtrl-SVD:psutil==5.9.5; ComfyUI-MotionCtrl:psutil==5.9.5; comfyui_visual_anagrams:psutil==5.9.5; ComfyUI-LivePortrait_v3:psutil==5.9.8
comfyui-fal-api-flux,numpy numpy==2.1.1,ComfyUI_CrossImageAttention:numpy==1.24.1; ComfyUI-LivePortrait_v2:numpy==1.26.4; ComfyUI-Turtle_Graphics_Demos:numpy==1.26.4; ComfyUI-LivePortrait_v3:numpy==1.26.4; FireRedTTS-ComfyUI:numpy==1.26.4; diffusion360_comfyui:numpy==1.23.5; ComfyUI-aichemy-nodes:numpy==1.26.3; ComfyUI-MARS5-TTS:numpy==1.26.4; ComfyUI-SceneGenerator:numpy==1.23.1; comfyui-colorwheel:numpy==1.26.4; ComfyUI_MaskGCT:numpy==1.26.0; comfyui-unianimate-w:numpy==1.26.0; Gecco-Discord-Autosend:numpy==1.24.3; katalist-ai_comfyUI-nsfw-detection:numpy==1.26.4; comfyui-impact-subpack:numpy==1.26.4; F5-TTS-ComfyUI:numpy==1.26.4; comfyui-reactor:numpy==1.26.3; ComfyUI-Allegro:numpy==1.24.4; comfyui-stringsandthings:numpy==1.26.4; Comfyui_CXH_Phi_3.5:numpy==1.24.4; ComfyUI-StyleStudio:numpy==1.26.4; comfyui_visual_anagrams:numpy==1.23.5; FitDiT-ComfyUI:numpy==1.23.0; StableDesign-for-ComfyUI:numpy==1.26.4; ComfyUI-AutoTrimBG:numpy==1.21.2; comfyui_glm4_wrapper:numpy==1.26.4; interior-design-for-comfyui:numpy==1.26.4; ComfyUI-DeepFuze:numpy==1.26.4; sketch2manga:numpy==1.26.4; ViewCrafter-ComfyUI:numpy==1.23.5; ComfyUI-RVC:numpy==1.23.5; sd-lora-trainer:numpy==1.26.4; comfyui-triposg:numpy==1.22.3; comfyui_slk_joy_caption_two:numpy==1.26.4; ComfyUI_SemanticSAM:numpy==1.23.5
comfyui-googletrans,anyio anyio==3.7.1,ComfyUI-LivePortrait_v2:anyio==4.4.0; promptprism:anyio==4.7.0; comfyui-structured-outputs:anyio==4.8.0; ComfyUI-LivePortrait_v3:anyio==4.4.0
comfyui-googletrans,certifi certifi==2024.8.30,comfyui_visual_anagrams:certifi==2022.12.7; ComfyUI-aichemy-nodes:certifi==2023.11.17
comfyui-googletrans,httpcore httpcore==0.17.3,ComfyUI-LivePortrait_v2:httpcore==1.0.5; promptprism:httpcore==1.0.7; comfyui-structured-outputs:httpcore==1.0.7; ComfyUI-LivePortrait_v3:httpcore==1.0.5
comfyui-idm-vton,accelerate accelerate==0.30.0,Comfyui_joy-caption-alpha-two:accelerate==1.1.1; interior-design-for-comfyui:accelerate==1.6.0; comfyui-mvadapter:accelerate==1.1.1; comfyui_if_memoavatar:accelerate==1.1.1; StableDesign-for-ComfyUI:accelerate==1.6.0
comfyui-idm-vton,torchmetrics torchmetrics==1.4.0,ComfyUI_SemanticSAM:torchmetrics==0.6.0; ComfyUI-Flowty-LDSR:torchmetrics==0.11.4
comfyui-impact-subpack,numpy numpy==1.26.4,comfyui_creepy_nodes:numpy==2.0.0; comfyui-fal-api-flux:numpy==2.1.1; Comfyui_mobilesam:numpy==2.1.2; comfyui-seamless-clone:numpy==2.2.0; ComfyUI-RabbitMQ-Publisher:numpy==2.1.3; comfyui-scene-composer:numpy==2.1.2; comfyui-structured-outputs:numpy==2.2.2; comfyui-prompt-factory:numpy==2.1.3
comfyui-kandinsky22,accelerate accelerate==0.27.2,Comfyui_joy-caption-alpha-two:accelerate==1.1.1; interior-design-for-comfyui:accelerate==1.6.0; comfyui-mvadapter:accelerate==1.1.1; comfyui_if_memoavatar:accelerate==1.1.1; StableDesign-for-ComfyUI:accelerate==1.6.0
comfyui-mvadapter,accelerate accelerate==1.1.1,fooocus_nodes:accelerate==0.32.1; comfyui-kandinsky22:accelerate==0.27.2; Comfyui-MusePose:accelerate==0.29.3; ComfyUI_CrossImageAttention:accelerate==0.20.3; ComfyUI-MusePose-Remaster:accelerate==0.29.3; objectfusion_comfyui_nodes:accelerate==0.33.0; comfyui_magicquill_fixed:accelerate==0.33.0; ComfyUI-LivePortrait_v2:accelerate==0.34.2; ComfyUI_MagicQuill:accelerate==0.33.0; ComfyUI-Allegro:accelerate==0.33.0; ComfyUI-moondream:accelerate==0.25.0; Comfyui_CXH_Phi_3.5:accelerate==0.30.0; comfyui-idm-vton:accelerate==0.30.0; Lora-Training-in-Comfy:accelerate==0.23.0; comfyui_visual_anagrams:accelerate==0.23.0; FitDiT-ComfyUI:accelerate==0.31.0; ComfyUI-PhotoDoodle:accelerate==0.33.0; ComfyUI-LivePortrait_v3:accelerate==0.34.2
comfyui-nsfw-detection,pillow pillow==10.3.0,comfyui_creepy_nodes:pillow==11.0.0; interior-design-for-comfyui:pillow==11.2.1; ComfyUI-RabbitMQ-Publisher:pillow==11.0.0; comfyui-structured-outputs:pillow==11.1.0; StableDesign-for-ComfyUI:pillow==11.2.1; Openrouter-Node:pillow==9.5.0; ViewCrafter-ComfyUI:pillow==9.4.0; ComfyUI-SceneGenerator:pillow==9.0.1; Gecco-Discord-Autosend:pillow==9.5.0; ComfyUI_SemanticSAM:pillow==9.4.0; ComfyUI-AutoTrimBG:pillow==8.4.0
comfyui-prompt-factory,numpy numpy==2.1.3,ComfyUI_CrossImageAttention:numpy==1.24.1; ComfyUI-LivePortrait_v2:numpy==1.26.4; ComfyUI-Turtle_Graphics_Demos:numpy==1.26.4; ComfyUI-LivePortrait_v3:numpy==1.26.4; FireRedTTS-ComfyUI:numpy==1.26.4; diffusion360_comfyui:numpy==1.23.5; ComfyUI-aichemy-nodes:numpy==1.26.3; ComfyUI-MARS5-TTS:numpy==1.26.4; ComfyUI-SceneGenerator:numpy==1.23.1; comfyui-colorwheel:numpy==1.26.4; ComfyUI_MaskGCT:numpy==1.26.0; comfyui-unianimate-w:numpy==1.26.0; Gecco-Discord-Autosend:numpy==1.24.3; katalist-ai_comfyUI-nsfw-detection:numpy==1.26.4; comfyui-impact-subpack:numpy==1.26.4; F5-TTS-ComfyUI:numpy==1.26.4; comfyui-reactor:numpy==1.26.3; ComfyUI-Allegro:numpy==1.24.4; comfyui-stringsandthings:numpy==1.26.4; Comfyui_CXH_Phi_3.5:numpy==1.24.4; ComfyUI-StyleStudio:numpy==1.26.4; comfyui_visual_anagrams:numpy==1.23.5; FitDiT-ComfyUI:numpy==1.23.0; StableDesign-for-ComfyUI:numpy==1.26.4; ComfyUI-AutoTrimBG:numpy==1.21.2; comfyui_glm4_wrapper:numpy==1.26.4; interior-design-for-comfyui:numpy==1.26.4; ComfyUI-DeepFuze:numpy==1.26.4; sketch2manga:numpy==1.26.4; ViewCrafter-ComfyUI:numpy==1.23.5; ComfyUI-RVC:numpy==1.23.5; sd-lora-trainer:numpy==1.26.4; comfyui-triposg:numpy==1.22.3; comfyui_slk_joy_caption_two:numpy==1.26.4; ComfyUI_SemanticSAM:numpy==1.23.5
comfyui-reactor,numpy numpy==1.26.3,comfyui_creepy_nodes:numpy==2.0.0; comfyui-fal-api-flux:numpy==2.1.1; Comfyui_mobilesam:numpy==2.1.2; comfyui-seamless-clone:numpy==2.2.0; ComfyUI-RabbitMQ-Publisher:numpy==2.1.3; comfyui-scene-composer:numpy==2.1.2; comfyui-structured-outputs:numpy==2.2.2; comfyui-prompt-factory:numpy==2.1.3
comfyui-scene-composer,attrs attrs==24.2.0,comfyui_visual_anagrams:attrs==23.1.0; comfyui-structured-outputs:attrs==25.1.0
comfyui-scene-composer,numpy numpy==2.1.2,ComfyUI_CrossImageAttention:numpy==1.24.1; ComfyUI-LivePortrait_v2:numpy==1.26.4; ComfyUI-Turtle_Graphics_Demos:numpy==1.26.4; ComfyUI-LivePortrait_v3:numpy==1.26.4; FireRedTTS-ComfyUI:numpy==1.26.4; diffusion360_comfyui:numpy==1.23.5; ComfyUI-aichemy-nodes:numpy==1.26.3; ComfyUI-MARS5-TTS:numpy==1.26.4; ComfyUI-SceneGenerator:numpy==1.23.1; comfyui-colorwheel:numpy==1.26.4; ComfyUI_MaskGCT:numpy==1.26.0; comfyui-unianimate-w:numpy==1.26.0; Gecco-Discord-Autosend:numpy==1.24.3; katalist-ai_comfyUI-nsfw-detection:numpy==1.26.4; comfyui-impact-subpack:numpy==1.26.4; F5-TTS-ComfyUI:numpy==1.26.4; comfyui-reactor:numpy==1.26.3; ComfyUI-Allegro:numpy==1.24.4; comfyui-stringsandthings:numpy==1.26.4; Comfyui_CXH_Phi_3.5:numpy==1.24.4; ComfyUI-StyleStudio:numpy==1.26.4; comfyui_visual_anagrams:numpy==1.23.5; FitDiT-ComfyUI:numpy==1.23.0; StableDesign-for-ComfyUI:numpy==1.26.4; ComfyUI-AutoTrimBG:numpy==1.21.2; comfyui_glm4_wrapper:numpy==1.26.4; interior-design-for-comfyui:numpy==1.26.4; ComfyUI-DeepFuze:numpy==1.26.4; sketch2manga:numpy==1.26.4; ViewCrafter-ComfyUI:numpy==1.23.5; ComfyUI-RVC:numpy==1.23.5; sd-lora-trainer:numpy==1.26.4; comfyui-triposg:numpy==1.22.3; comfyui_slk_joy_caption_two:numpy==1.26.4; ComfyUI_SemanticSAM:numpy==1.23.5
comfyui-seamless-clone,numpy numpy==2.2.0,ComfyUI_CrossImageAttention:numpy==1.24.1; ComfyUI-LivePortrait_v2:numpy==1.26.4; ComfyUI-Turtle_Graphics_Demos:numpy==1.26.4; ComfyUI-LivePortrait_v3:numpy==1.26.4; FireRedTTS-ComfyUI:numpy==1.26.4; diffusion360_comfyui:numpy==1.23.5; ComfyUI-aichemy-nodes:numpy==1.26.3; ComfyUI-MARS5-TTS:numpy==1.26.4; ComfyUI-SceneGenerator:numpy==1.23.1; comfyui-colorwheel:numpy==1.26.4; ComfyUI_MaskGCT:numpy==1.26.0; comfyui-unianimate-w:numpy==1.26.0; Gecco-Discord-Autosend:numpy==1.24.3; katalist-ai_comfyUI-nsfw-detection:numpy==1.26.4; comfyui-impact-subpack:numpy==1.26.4; F5-TTS-ComfyUI:numpy==1.26.4; comfyui-reactor:numpy==1.26.3; ComfyUI-Allegro:numpy==1.24.4; comfyui-stringsandthings:numpy==1.26.4; Comfyui_CXH_Phi_3.5:numpy==1.24.4; ComfyUI-StyleStudio:numpy==1.26.4; comfyui_visual_anagrams:numpy==1.23.5; FitDiT-ComfyUI:numpy==1.23.0; StableDesign-for-ComfyUI:numpy==1.26.4; ComfyUI-AutoTrimBG:numpy==1.21.2; comfyui_glm4_wrapper:numpy==1.26.4; interior-design-for-comfyui:numpy==1.26.4; ComfyUI-DeepFuze:numpy==1.26.4; sketch2manga:numpy==1.26.4; ViewCrafter-ComfyUI:numpy==1.23.5; ComfyUI-RVC:numpy==1.23.5; sd-lora-trainer:numpy==1.26.4; comfyui-triposg:numpy==1.22.3; comfyui_slk_joy_caption_two:numpy==1.26.4; ComfyUI_SemanticSAM:numpy==1.23.5
comfyui-seamless-clone,torch torch==2.5.1,ComfyUI-AutoTrimBG:torch==1.10.0; ComfyUI-SceneGenerator:torch==1.13.1
comfyui-seggpt,timm timm==0.6.7,Comfyui_mobilesam:timm==1.0.9; sd-lora-trainer:timm==1.0.8; fooocus_nodes:timm==1.0.7
comfyui-stringsandthings,numpy numpy==1.26.4,comfyui_creepy_nodes:numpy==2.0.0; comfyui-fal-api-flux:numpy==2.1.1; Comfyui_mobilesam:numpy==2.1.2; comfyui-seamless-clone:numpy==2.2.0; ComfyUI-RabbitMQ-Publisher:numpy==2.1.3; comfyui-scene-composer:numpy==2.1.2; comfyui-structured-outputs:numpy==2.2.2; comfyui-prompt-factory:numpy==2.1.3
comfyui-stringsandthings,pillow pillow==10.3.0,comfyui_creepy_nodes:pillow==11.0.0; interior-design-for-comfyui:pillow==11.2.1; ComfyUI-RabbitMQ-Publisher:pillow==11.0.0; comfyui-structured-outputs:pillow==11.1.0; StableDesign-for-ComfyUI:pillow==11.2.1; Openrouter-Node:pillow==9.5.0; ViewCrafter-ComfyUI:pillow==9.4.0; ComfyUI-SceneGenerator:pillow==9.0.1; Gecco-Discord-Autosend:pillow==9.5.0; ComfyUI_SemanticSAM:pillow==9.4.0; ComfyUI-AutoTrimBG:pillow==8.4.0
comfyui-stringsandthings,torch torch==2.5.1,ComfyUI-AutoTrimBG:torch==1.10.0; ComfyUI-SceneGenerator:torch==1.13.1
comfyui-structured-outputs,anyio anyio==4.8.0,ComfyUI-Image-Harmonizer:anyio==3.7.1; comfyui-googletrans:anyio==3.7.1; ComfyUI_Sticker_Compositer:anyio==3.7.1
comfyui-structured-outputs,attrs attrs==25.1.0,ComfyUI-LivePortrait_v2:attrs==24.2.0; promptprism:attrs==24.3.0; comfyui-scene-composer:attrs==24.2.0; ComfyUI-LivePortrait_v3:attrs==24.2.0; comfyui_visual_anagrams:attrs==23.1.0
comfyui-structured-outputs,certifi certifi==2024.12.14,comfyui_visual_anagrams:certifi==2022.12.7; ComfyUI-aichemy-nodes:certifi==2023.11.17
comfyui-structured-outputs,charset-normalizer charset-normalizer==3.4.1,comfyui_visual_anagrams:charset-normalizer==2.1.1
comfyui-structured-outputs,fsspec fsspec==2024.12.0,ComfyUI-aichemy-nodes:fsspec==2023.12.2; comfyui_visual_anagrams:fsspec==2023.12.0
comfyui-structured-outputs,httpcore httpcore==1.0.7,ComfyUI-Image-Harmonizer:httpcore==0.17.3; comfyui-googletrans:httpcore==0.17.3; ComfyUI_Sticker_Compositer:httpcore==0.17.3
comfyui-structured-outputs,markupsafe markupsafe==3.0.2,ComfyUI-aichemy-nodes:markupsafe==2.1.3; ComfyUI-LivePortrait_v2:markupsafe==2.1.5; comfyui-elegant-resource-monitor:markupsafe==2.1.5; comfyui_visual_anagrams:markupsafe==2.1.3; ComfyUI-LivePortrait_v3:markupsafe==2.1.5
comfyui-structured-outputs,numpy numpy==2.2.2,ComfyUI_CrossImageAttention:numpy==1.24.1; ComfyUI-LivePortrait_v2:numpy==1.26.4; ComfyUI-Turtle_Graphics_Demos:numpy==1.26.4; ComfyUI-LivePortrait_v3:numpy==1.26.4; FireRedTTS-ComfyUI:numpy==1.26.4; diffusion360_comfyui:numpy==1.23.5; ComfyUI-aichemy-nodes:numpy==1.26.3; ComfyUI-MARS5-TTS:numpy==1.26.4; ComfyUI-SceneGenerator:numpy==1.23.1; comfyui-colorwheel:numpy==1.26.4; ComfyUI_MaskGCT:numpy==1.26.0; comfyui-unianimate-w:numpy==1.26.0; Gecco-Discord-Autosend:numpy==1.24.3; katalist-ai_comfyUI-nsfw-detection:numpy==1.26.4; comfyui-impact-subpack:numpy==1.26.4; F5-TTS-ComfyUI:numpy==1.26.4; comfyui-reactor:numpy==1.26.3; ComfyUI-Allegro:numpy==1.24.4; comfyui-stringsandthings:numpy==1.26.4; Comfyui_CXH_Phi_3.5:numpy==1.24.4; ComfyUI-StyleStudio:numpy==1.26.4; comfyui_visual_anagrams:numpy==1.23.5; FitDiT-ComfyUI:numpy==1.23.0; StableDesign-for-ComfyUI:numpy==1.26.4; ComfyUI-AutoTrimBG:numpy==1.21.2; comfyui_glm4_wrapper:numpy==1.26.4; interior-design-for-comfyui:numpy==1.26.4; ComfyUI-DeepFuze:numpy==1.26.4; sketch2manga:numpy==1.26.4; ViewCrafter-ComfyUI:numpy==1.23.5; ComfyUI-RVC:numpy==1.23.5; sd-lora-trainer:numpy==1.26.4; comfyui-triposg:numpy==1.22.3; comfyui_slk_joy_caption_two:numpy==1.26.4; ComfyUI_SemanticSAM:numpy==1.23.5
comfyui-structured-outputs,nvidia-cudnn-cu12 nvidia-cudnn-cu12==9.1.0.70,ComfyUI-LivePortrait_v2:nvidia-cudnn-cu12==8.9.2.26; comfyui_visual_anagrams:nvidia-cudnn-cu12==8.9.6.50; ComfyUI-LivePortrait_v3:nvidia-cudnn-cu12==8.9.2.26
comfyui-structured-outputs,pillow pillow==11.1.0,ComfyUI-Simple_QR_Codes:pillow==10.4.0; ComfyUI_CrossImageAttention:pillow==10.1.0; objectfusion_comfyui_nodes:pillow==10.4.0; ComfyUI-LivePortrait_v2:pillow==10.4.0; ComfyUI-aichemy-nodes:pillow==10.2.0; ComfyUI-Flowty-TripoSR:pillow==10.1.0; ComfyUI-Turtle_Graphics_Demos:pillow==10.4.0; comfyui-nsfw-detection:pillow==10.3.0; comfyui-colorwheel:pillow==10.4.0; secureapicall:pillow==10.1.0; comfyui-stringsandthings:pillow==10.3.0; comfyui_dagthomas:pillow==10.4.0; Comfyui_CXH_Phi_3.5:pillow==10.3.0; ComfyUI-SmartCrop:pillow==10.3.0; ComfyUI-NSFW-Check:pillow==10.2.0; comfyui_visual_anagrams:pillow==10.1.0; ComfyUI-LivePortrait_v3:pillow==10.4.0; Openrouter-Node:pillow==9.5.0; ViewCrafter-ComfyUI:pillow==9.4.0; ComfyUI-SceneGenerator:pillow==9.0.1; Gecco-Discord-Autosend:pillow==9.5.0; ComfyUI_SemanticSAM:pillow==9.4.0; ComfyUI-AutoTrimBG:pillow==8.4.0
comfyui-structured-outputs,setuptools setuptools==75.8.0,sd-lora-trainer:setuptools==70.3.0
comfyui-structured-outputs,torch torch==2.5.1,ComfyUI-AutoTrimBG:torch==1.10.0; ComfyUI-SceneGenerator:torch==1.13.1
comfyui-structured-outputs,triton triton==3.1.0,ComfyUI-LivePortrait_v2:triton==2.3.0; ComfyUI_Seg_VITON:triton==2.0.0; ComfyUI-LivePortrait_v3:triton==2.3.0
comfyui-structured-outputs,urllib3 urllib3==2.3.0,comfyui_visual_anagrams:urllib3==1.26.13; ComfyUI-MusePose-Remaster:urllib3==1.26.9; Comfyui-MusePose:urllib3==1.26.9
comfyui-styles_csv_loader_zh,googletrans googletrans==4.0.0-rc1,comfyui_simpletools:googletrans==3.1.0a0
comfyui-triposg,numpy numpy==1.22.3,comfyui_creepy_nodes:numpy==2.0.0; comfyui-fal-api-flux:numpy==2.1.1; Comfyui_mobilesam:numpy==2.1.2; comfyui-seamless-clone:numpy==2.2.0; ComfyUI-RabbitMQ-Publisher:numpy==2.1.3; comfyui-scene-composer:numpy==2.1.2; comfyui-structured-outputs:numpy==2.2.2; comfyui-prompt-factory:numpy==2.1.3
comfyui-unianimate-w,numpy numpy==1.26.0,comfyui_creepy_nodes:numpy==2.0.0; comfyui-fal-api-flux:numpy==2.1.1; Comfyui_mobilesam:numpy==2.1.2; comfyui-seamless-clone:numpy==2.2.0; ComfyUI-RabbitMQ-Publisher:numpy==2.1.3; comfyui-scene-composer:numpy==2.1.2; comfyui-structured-outputs:numpy==2.2.2; comfyui-prompt-factory:numpy==2.1.3
comfyui-unianimate-w,pytorch_lightning pytorch_lightning==2.3.0,ComfyUI-ToonCrafter:pytorch_lightning==1.9.3
comfyui-unianimate-w,torchmetrics torchmetrics==1.3.0.post0,ComfyUI_SemanticSAM:torchmetrics==0.6.0; ComfyUI-Flowty-LDSR:torchmetrics==0.11.4
comfyui_creepy_nodes,numpy numpy==2.0.0,ComfyUI_CrossImageAttention:numpy==1.24.1; ComfyUI-LivePortrait_v2:numpy==1.26.4; ComfyUI-Turtle_Graphics_Demos:numpy==1.26.4; ComfyUI-LivePortrait_v3:numpy==1.26.4; FireRedTTS-ComfyUI:numpy==1.26.4; diffusion360_comfyui:numpy==1.23.5; ComfyUI-aichemy-nodes:numpy==1.26.3; ComfyUI-MARS5-TTS:numpy==1.26.4; ComfyUI-SceneGenerator:numpy==1.23.1; comfyui-colorwheel:numpy==1.26.4; ComfyUI_MaskGCT:numpy==1.26.0; comfyui-unianimate-w:numpy==1.26.0; Gecco-Discord-Autosend:numpy==1.24.3; katalist-ai_comfyUI-nsfw-detection:numpy==1.26.4; comfyui-impact-subpack:numpy==1.26.4; F5-TTS-ComfyUI:numpy==1.26.4; comfyui-reactor:numpy==1.26.3; ComfyUI-Allegro:numpy==1.24.4; comfyui-stringsandthings:numpy==1.26.4; Comfyui_CXH_Phi_3.5:numpy==1.24.4; ComfyUI-StyleStudio:numpy==1.26.4; comfyui_visual_anagrams:numpy==1.23.5; FitDiT-ComfyUI:numpy==1.23.0; StableDesign-for-ComfyUI:numpy==1.26.4; ComfyUI-AutoTrimBG:numpy==1.21.2; comfyui_glm4_wrapper:numpy==1.26.4; interior-design-for-comfyui:numpy==1.26.4; ComfyUI-DeepFuze:numpy==1.26.4; sketch2manga:numpy==1.26.4; ViewCrafter-ComfyUI:numpy==1.23.5; ComfyUI-RVC:numpy==1.23.5; sd-lora-trainer:numpy==1.26.4; comfyui-triposg:numpy==1.22.3; comfyui_slk_joy_caption_two:numpy==1.26.4; ComfyUI_SemanticSAM:numpy==1.23.5
comfyui_creepy_nodes,packaging packaging==24.2,ComfyUI-aichemy-nodes:packaging==23.2; comfyui_visual_anagrams:packaging==23.2
comfyui_creepy_nodes,pillow pillow==11.0.0,ComfyUI-Simple_QR_Codes:pillow==10.4.0; ComfyUI_CrossImageAttention:pillow==10.1.0; objectfusion_comfyui_nodes:pillow==10.4.0; ComfyUI-LivePortrait_v2:pillow==10.4.0; ComfyUI-aichemy-nodes:pillow==10.2.0; ComfyUI-Flowty-TripoSR:pillow==10.1.0; ComfyUI-Turtle_Graphics_Demos:pillow==10.4.0; comfyui-nsfw-detection:pillow==10.3.0; comfyui-colorwheel:pillow==10.4.0; secureapicall:pillow==10.1.0; comfyui-stringsandthings:pillow==10.3.0; comfyui_dagthomas:pillow==10.4.0; Comfyui_CXH_Phi_3.5:pillow==10.3.0; ComfyUI-SmartCrop:pillow==10.3.0; ComfyUI-NSFW-Check:pillow==10.2.0; comfyui_visual_anagrams:pillow==10.1.0; ComfyUI-LivePortrait_v3:pillow==10.4.0; Openrouter-Node:pillow==9.5.0; ViewCrafter-ComfyUI:pillow==9.4.0; ComfyUI-SceneGenerator:pillow==9.0.1; Gecco-Discord-Autosend:pillow==9.5.0; ComfyUI_SemanticSAM:pillow==9.4.0; ComfyUI-AutoTrimBG:pillow==8.4.0
comfyui_dagthomas,pillow pillow==10.4.0,comfyui_creepy_nodes:pillow==11.0.0; interior-design-for-comfyui:pillow==11.2.1; ComfyUI-RabbitMQ-Publisher:pillow==11.0.0; comfyui-structured-outputs:pillow==11.1.0; StableDesign-for-ComfyUI:pillow==11.2.1; Openrouter-Node:pillow==9.5.0; ViewCrafter-ComfyUI:pillow==9.4.0; ComfyUI-SceneGenerator:pillow==9.0.1; Gecco-Discord-Autosend:pillow==9.5.0; ComfyUI_SemanticSAM:pillow==9.4.0; ComfyUI-AutoTrimBG:pillow==8.4.0
comfyui_glm4_wrapper,numpy numpy==1.26.4,comfyui_creepy_nodes:numpy==2.0.0; comfyui-fal-api-flux:numpy==2.1.1; Comfyui_mobilesam:numpy==2.1.2; comfyui-seamless-clone:numpy==2.2.0; ComfyUI-RabbitMQ-Publisher:numpy==2.1.3; comfyui-scene-composer:numpy==2.1.2; comfyui-structured-outputs:numpy==2.2.2; comfyui-prompt-factory:numpy==2.1.3
comfyui_if_memoavatar,accelerate accelerate==1.1.1,fooocus_nodes:accelerate==0.32.1; comfyui-kandinsky22:accelerate==0.27.2; Comfyui-MusePose:accelerate==0.29.3; ComfyUI_CrossImageAttention:accelerate==0.20.3; ComfyUI-MusePose-Remaster:accelerate==0.29.3; objectfusion_comfyui_nodes:accelerate==0.33.0; comfyui_magicquill_fixed:accelerate==0.33.0; ComfyUI-LivePortrait_v2:accelerate==0.34.2; ComfyUI_MagicQuill:accelerate==0.33.0; ComfyUI-Allegro:accelerate==0.33.0; ComfyUI-moondream:accelerate==0.25.0; Comfyui_CXH_Phi_3.5:accelerate==0.30.0; comfyui-idm-vton:accelerate==0.30.0; Lora-Training-in-Comfy:accelerate==0.23.0; comfyui_visual_anagrams:accelerate==0.23.0; FitDiT-ComfyUI:accelerate==0.31.0; ComfyUI-PhotoDoodle:accelerate==0.33.0; ComfyUI-LivePortrait_v3:accelerate==0.34.2
comfyui_if_memoavatar,albumentations albumentations==1.4.21,Comfyui_Lama:albumentations==0.5.2
comfyui_llm_easyanimiate,torch torch==2.3.0+cu121,ComfyUI-AutoTrimBG:torch==1.10.0; ComfyUI-SceneGenerator:torch==1.13.1
comfyui_magicquill_fixed,accelerate accelerate==0.33.0,Comfyui_joy-caption-alpha-two:accelerate==1.1.1; interior-design-for-comfyui:accelerate==1.6.0; comfyui-mvadapter:accelerate==1.1.1; comfyui_if_memoavatar:accelerate==1.1.1; StableDesign-for-ComfyUI:accelerate==1.6.0
comfyui_magicquill_fixed,protobuf protobuf==4.25.4,ComfyUI-LivePortrait_v2:protobuf==5.28.3; katalist-ai_comfyUI-nsfw-detection:protobuf==5.26.1; ComfyUI-LivePortrait_v3:protobuf==5.28.3; ComfyUI_LLaSM:protobuf==3.19.0; CosyVoice2:protobuf==3.20.2; ComfyUI_Light_A_Video:protobuf==3.20
comfyui_magicquill_fixed,timm timm==0.6.13,Comfyui_mobilesam:timm==1.0.9; sd-lora-trainer:timm==1.0.8; fooocus_nodes:timm==1.0.7
comfyui_magicquill_fixed,webcolors webcolors==24.11.1,ComfyUI_MagicQuill:webcolors==1.13; img2colors-comfyui-node:webcolors==1.13
comfyui_simpletools,googletrans googletrans==3.1.0a0,comfyui-styles_csv_loader_zh:googletrans==4.0.0-rc1
comfyui_slk_joy_caption_two,numpy numpy==1.26.4,comfyui_creepy_nodes:numpy==2.0.0; comfyui-fal-api-flux:numpy==2.1.1; Comfyui_mobilesam:numpy==2.1.2; comfyui-seamless-clone:numpy==2.2.0; ComfyUI-RabbitMQ-Publisher:numpy==2.1.3; comfyui-scene-composer:numpy==2.1.2; comfyui-structured-outputs:numpy==2.2.2; comfyui-prompt-factory:numpy==2.1.3
comfyui_usability,watchdog watchdog==3.0.0,ComfyUI-LivePortrait_v2:watchdog==4.0.2; ComfyUI-LivePortrait_v3:watchdog==4.0.2
comfyui_visual_anagrams,accelerate accelerate==0.23.0,Comfyui_joy-caption-alpha-two:accelerate==1.1.1; interior-design-for-comfyui:accelerate==1.6.0; comfyui-mvadapter:accelerate==1.1.1; comfyui_if_memoavatar:accelerate==1.1.1; StableDesign-for-ComfyUI:accelerate==1.6.0
comfyui_visual_anagrams,attrs attrs==23.1.0,ComfyUI-LivePortrait_v2:attrs==24.2.0; promptprism:attrs==24.3.0; comfyui-scene-composer:attrs==24.2.0; ComfyUI-LivePortrait_v3:attrs==24.2.0; comfyui-structured-outputs:attrs==25.1.0
comfyui_visual_anagrams,certifi certifi==2022.12.7,ComfyUI-LivePortrait_v2:certifi==2024.8.30; ViewCrafter-ComfyUI:certifi==2024.7.4; ComfyUI-Image-Harmonizer:certifi==2024.8.30; promptprism:certifi==2024.12.14; ComfyUI_Sticker_Compositer:certifi==2024.8.30; comfyui-googletrans:certifi==2024.8.30; comfyui-structured-outputs:certifi==2024.12.14; ComfyUI-LivePortrait_v3:certifi==2024.8.30; ComfyUI-aichemy-nodes:certifi==2023.11.17
comfyui_visual_anagrams,charset-normalizer charset-normalizer==2.1.1,ComfyUI-aichemy-nodes:charset-normalizer==3.3.2; ComfyUI-LivePortrait_v2:charset-normalizer==3.3.2; promptprism:charset-normalizer==3.4.1; comfyui-structured-outputs:charset-normalizer==3.4.1; ComfyUI-LivePortrait_v3:charset-normalizer==3.3.2
comfyui_visual_anagrams,flatbuffers flatbuffers==23.5.26,ComfyUI-LivePortrait_v2:flatbuffers==24.3.25; katalist-ai_comfyUI-nsfw-detection:flatbuffers==24.3.25; ComfyUI-LivePortrait_v3:flatbuffers==24.3.25
comfyui_visual_anagrams,fsspec fsspec==2023.12.0,ComfyUI-LivePortrait_v2:fsspec==2024.2.0; promptprism:fsspec==2024.12.0; comfyui-structured-outputs:fsspec==2024.12.0; ComfyUI-LivePortrait_v3:fsspec==2024.2.0
comfyui_visual_anagrams,importlib-metadata importlib-metadata==6.8.0,promptprism:importlib-metadata==8.5.0
comfyui_visual_anagrams,markupsafe markupsafe==2.1.3,promptprism:markupsafe==3.0.2; comfyui-structured-outputs:markupsafe==3.0.2
comfyui_visual_anagrams,numpy numpy==1.23.5,comfyui_creepy_nodes:numpy==2.0.0; comfyui-fal-api-flux:numpy==2.1.1; Comfyui_mobilesam:numpy==2.1.2; comfyui-seamless-clone:numpy==2.2.0; ComfyUI-RabbitMQ-Publisher:numpy==2.1.3; comfyui-scene-composer:numpy==2.1.2; comfyui-structured-outputs:numpy==2.2.2; comfyui-prompt-factory:numpy==2.1.3
comfyui_visual_anagrams,nvidia-cudnn-cu12 nvidia-cudnn-cu12==8.9.6.50,comfyui-structured-outputs:nvidia-cudnn-cu12==9.1.0.70
comfyui_visual_anagrams,packaging packaging==23.2,comfyui_creepy_nodes:packaging==24.2; ComfyUI-LivePortrait_v2:packaging==24.1; promptprism:packaging==24.2; katalist-ai_comfyUI-nsfw-detection:packaging==24.0; ComfyUI-LivePortrait_v3:packaging==24.1
comfyui_visual_anagrams,pillow pillow==10.1.0,comfyui_creepy_nodes:pillow==11.0.0; interior-design-for-comfyui:pillow==11.2.1; ComfyUI-RabbitMQ-Publisher:pillow==11.0.0; comfyui-structured-outputs:pillow==11.1.0; StableDesign-for-ComfyUI:pillow==11.2.1; Openrouter-Node:pillow==9.5.0; ViewCrafter-ComfyUI:pillow==9.4.0; ComfyUI-SceneGenerator:pillow==9.0.1; Gecco-Discord-Autosend:pillow==9.5.0; ComfyUI_SemanticSAM:pillow==9.4.0; ComfyUI-AutoTrimBG:pillow==8.4.0
comfyui_visual_anagrams,protobuf protobuf==4.23.2,ComfyUI-LivePortrait_v2:protobuf==5.28.3; katalist-ai_comfyUI-nsfw-detection:protobuf==5.26.1; ComfyUI-LivePortrait_v3:protobuf==5.28.3; ComfyUI_LLaSM:protobuf==3.19.0; CosyVoice2:protobuf==3.20.2; ComfyUI_Light_A_Video:protobuf==3.20
comfyui_visual_anagrams,psutil psutil==5.9.5,comfyui-elegant-resource-monitor:psutil==6.0.0
comfyui_visual_anagrams,regex regex==2023.10.3,ComfyUI-LivePortrait_v2:regex==2024.7.24; promptprism:regex==2024.11.6; ComfyUI-LivePortrait_v3:regex==2024.7.24
comfyui_visual_anagrams,tifffile tifffile==2023.9.26,ComfyUI-LivePortrait_v2:tifffile==2024.8.30; ComfyUI-LivePortrait_v3:tifffile==2024.8.30
comfyui_visual_anagrams,torch torch==2.1.1+cu118,ComfyUI-AutoTrimBG:torch==1.10.0; ComfyUI-SceneGenerator:torch==1.13.1
comfyui_visual_anagrams,urllib3 urllib3==1.26.13,ComfyUI-aichemy-nodes:urllib3==2.1.0; ComfyUI-LivePortrait_v2:urllib3==2.2.3; promptprism:urllib3==2.3.0; comfyui-structured-outputs:urllib3==2.3.0; ComfyUI-LivePortrait_v3:urllib3==2.2.3
diffusion360_comfyui,numpy numpy==1.23.5,comfyui_creepy_nodes:numpy==2.0.0; comfyui-fal-api-flux:numpy==2.1.1; Comfyui_mobilesam:numpy==2.1.2; comfyui-seamless-clone:numpy==2.2.0; ComfyUI-RabbitMQ-Publisher:numpy==2.1.3; comfyui-scene-composer:numpy==2.1.2; comfyui-structured-outputs:numpy==2.2.2; comfyui-prompt-factory:numpy==2.1.3
fooocus_nodes,accelerate accelerate==0.32.1,Comfyui_joy-caption-alpha-two:accelerate==1.1.1; interior-design-for-comfyui:accelerate==1.6.0; comfyui-mvadapter:accelerate==1.1.1; comfyui_if_memoavatar:accelerate==1.1.1; StableDesign-for-ComfyUI:accelerate==1.6.0
fooocus_nodes,pytorch_lightning pytorch_lightning==2.3.3,ComfyUI-ToonCrafter:pytorch_lightning==1.9.3
fooocus_nodes,timm timm==1.0.7,comfyui-Image-reward:timm==0.6.13; comfy_clip_blip_node:timm==0.4.12; comfyui_magicquill_fixed:timm==0.6.13; ComfyUI-LivePortrait_v2:timm==0.6.13; ViewCrafter-ComfyUI:timm==0.6.13; ComfyUI_MagicQuill:timm==0.6.13; ComfyUI-moondream:timm==0.9.12; comfyui-seggpt:timm==0.6.7; ComfyUI_SemanticSAM:timm==0.4.12; ComfyUI-LivePortrait_v3:timm==0.6.13
img2colors-comfyui-node,webcolors webcolors==1.13,comfyui_magicquill_fixed:webcolors==24.11.1; ComfyUI-Turtle_Graphics_Demos:webcolors==24.11.1
interior-design-for-comfyui,accelerate accelerate==1.6.0,fooocus_nodes:accelerate==0.32.1; comfyui-kandinsky22:accelerate==0.27.2; Comfyui-MusePose:accelerate==0.29.3; ComfyUI_CrossImageAttention:accelerate==0.20.3; ComfyUI-MusePose-Remaster:accelerate==0.29.3; objectfusion_comfyui_nodes:accelerate==0.33.0; comfyui_magicquill_fixed:accelerate==0.33.0; ComfyUI-LivePortrait_v2:accelerate==0.34.2; ComfyUI_MagicQuill:accelerate==0.33.0; ComfyUI-Allegro:accelerate==0.33.0; ComfyUI-moondream:accelerate==0.25.0; Comfyui_CXH_Phi_3.5:accelerate==0.30.0; comfyui-idm-vton:accelerate==0.30.0; Lora-Training-in-Comfy:accelerate==0.23.0; comfyui_visual_anagrams:accelerate==0.23.0; FitDiT-ComfyUI:accelerate==0.31.0; ComfyUI-PhotoDoodle:accelerate==0.33.0; ComfyUI-LivePortrait_v3:accelerate==0.34.2
interior-design-for-comfyui,altair altair==5.5.0,ComfyUI-PhotoDoodle:altair==4.2.2
interior-design-for-comfyui,numpy numpy==1.26.4,comfyui_creepy_nodes:numpy==2.0.0; comfyui-fal-api-flux:numpy==2.1.1; Comfyui_mobilesam:numpy==2.1.2; comfyui-seamless-clone:numpy==2.2.0; ComfyUI-RabbitMQ-Publisher:numpy==2.1.3; comfyui-scene-composer:numpy==2.1.2; comfyui-structured-outputs:numpy==2.2.2; comfyui-prompt-factory:numpy==2.1.3
interior-design-for-comfyui,pillow pillow==11.2.1,ComfyUI-Simple_QR_Codes:pillow==10.4.0; ComfyUI_CrossImageAttention:pillow==10.1.0; objectfusion_comfyui_nodes:pillow==10.4.0; ComfyUI-LivePortrait_v2:pillow==10.4.0; ComfyUI-aichemy-nodes:pillow==10.2.0; ComfyUI-Flowty-TripoSR:pillow==10.1.0; ComfyUI-Turtle_Graphics_Demos:pillow==10.4.0; comfyui-nsfw-detection:pillow==10.3.0; comfyui-colorwheel:pillow==10.4.0; secureapicall:pillow==10.1.0; comfyui-stringsandthings:pillow==10.3.0; comfyui_dagthomas:pillow==10.4.0; Comfyui_CXH_Phi_3.5:pillow==10.3.0; ComfyUI-SmartCrop:pillow==10.3.0; ComfyUI-NSFW-Check:pillow==10.2.0; comfyui_visual_anagrams:pillow==10.1.0; ComfyUI-LivePortrait_v3:pillow==10.4.0; Openrouter-Node:pillow==9.5.0; ViewCrafter-ComfyUI:pillow==9.4.0; ComfyUI-SceneGenerator:pillow==9.0.1; Gecco-Discord-Autosend:pillow==9.5.0; ComfyUI_SemanticSAM:pillow==9.4.0; ComfyUI-AutoTrimBG:pillow==8.4.0
katalist-ai_comfyUI-nsfw-detection,flatbuffers flatbuffers==24.3.25,comfyui_visual_anagrams:flatbuffers==23.5.26
katalist-ai_comfyUI-nsfw-detection,numpy numpy==1.26.4,comfyui_creepy_nodes:numpy==2.0.0; comfyui-fal-api-flux:numpy==2.1.1; Comfyui_mobilesam:numpy==2.1.2; comfyui-seamless-clone:numpy==2.2.0; ComfyUI-RabbitMQ-Publisher:numpy==2.1.3; comfyui-scene-composer:numpy==2.1.2; comfyui-structured-outputs:numpy==2.2.2; comfyui-prompt-factory:numpy==2.1.3
katalist-ai_comfyUI-nsfw-detection,packaging packaging==24.0,ComfyUI-aichemy-nodes:packaging==23.2; comfyui_visual_anagrams:packaging==23.2
katalist-ai_comfyUI-nsfw-detection,protobuf protobuf==5.26.1,ComfyUI_CosyVoice:protobuf==4.25; ComfyUI_NTCosyVoice:protobuf==4.25; comfyui_magicquill_fixed:protobuf==4.25.4; ComfyUI_MagicQuill:protobuf==4.25.4; comfyui_visual_anagrams:protobuf==4.23.2; ComfyUI_LLaSM:protobuf==3.19.0; CosyVoice2:protobuf==3.20.2; ComfyUI_Light_A_Video:protobuf==3.20
objectfusion_comfyui_nodes,accelerate accelerate==0.33.0,Comfyui_joy-caption-alpha-two:accelerate==1.1.1; interior-design-for-comfyui:accelerate==1.6.0; comfyui-mvadapter:accelerate==1.1.1; comfyui_if_memoavatar:accelerate==1.1.1; StableDesign-for-ComfyUI:accelerate==1.6.0
objectfusion_comfyui_nodes,pillow pillow==10.4.0,comfyui_creepy_nodes:pillow==11.0.0; interior-design-for-comfyui:pillow==11.2.1; ComfyUI-RabbitMQ-Publisher:pillow==11.0.0; comfyui-structured-outputs:pillow==11.1.0; StableDesign-for-ComfyUI:pillow==11.2.1; Openrouter-Node:pillow==9.5.0; ViewCrafter-ComfyUI:pillow==9.4.0; ComfyUI-SceneGenerator:pillow==9.0.1; Gecco-Discord-Autosend:pillow==9.5.0; ComfyUI_SemanticSAM:pillow==9.4.0; ComfyUI-AutoTrimBG:pillow==8.4.0
objectfusion_comfyui_nodes,psutil psutil==5.9.0,comfyui-elegant-resource-monitor:psutil==6.0.0
objectfusion_comfyui_nodes,torch torch==2.4.0,ComfyUI-AutoTrimBG:torch==1.10.0; ComfyUI-SceneGenerator:torch==1.13.1
petty-paint-comfyui-node,flask flask==2.1.2,comfyui-elegant-resource-monitor:flask==3.0.3
promptprism,anyio anyio==4.7.0,ComfyUI-Image-Harmonizer:anyio==3.7.1; comfyui-googletrans:anyio==3.7.1; ComfyUI_Sticker_Compositer:anyio==3.7.1
promptprism,async-timeout async-timeout==5.0.1,ComfyUI-LivePortrait_v2:async-timeout==4.0.3; ComfyUI-LivePortrait_v3:async-timeout==4.0.3
promptprism,attrs attrs==24.3.0,comfyui_visual_anagrams:attrs==23.1.0; comfyui-structured-outputs:attrs==25.1.0
promptprism,certifi certifi==2024.12.14,comfyui_visual_anagrams:certifi==2022.12.7; ComfyUI-aichemy-nodes:certifi==2023.11.17
promptprism,charset-normalizer charset-normalizer==3.4.1,comfyui_visual_anagrams:charset-normalizer==2.1.1
promptprism,fsspec fsspec==2024.12.0,ComfyUI-aichemy-nodes:fsspec==2023.12.2; comfyui_visual_anagrams:fsspec==2023.12.0
promptprism,httpcore httpcore==1.0.7,ComfyUI-Image-Harmonizer:httpcore==0.17.3; comfyui-googletrans:httpcore==0.17.3; ComfyUI_Sticker_Compositer:httpcore==0.17.3
promptprism,importlib-metadata importlib-metadata==8.5.0,comfyui_visual_anagrams:importlib-metadata==6.8.0
promptprism,jsonschema-specifications jsonschema-specifications==2024.10.1,ComfyUI-LivePortrait_v2:jsonschema-specifications==2023.12.1; ComfyUI-LivePortrait_v3:jsonschema-specifications==2023.12.1
promptprism,markupsafe markupsafe==3.0.2,ComfyUI-aichemy-nodes:markupsafe==2.1.3; ComfyUI-LivePortrait_v2:markupsafe==2.1.5; comfyui-elegant-resource-monitor:markupsafe==2.1.5; comfyui_visual_anagrams:markupsafe==2.1.3; ComfyUI-LivePortrait_v3:markupsafe==2.1.5
promptprism,packaging packaging==24.2,ComfyUI-aichemy-nodes:packaging==23.2; comfyui_visual_anagrams:packaging==23.2
promptprism,regex regex==2024.11.6,comfyui_visual_anagrams:regex==2023.10.3
promptprism,urllib3 urllib3==2.3.0,comfyui_visual_anagrams:urllib3==1.26.13; ComfyUI-MusePose-Remaster:urllib3==1.26.9; Comfyui-MusePose:urllib3==1.26.9
sd-lora-trainer,numpy numpy==1.26.4,comfyui_creepy_nodes:numpy==2.0.0; comfyui-fal-api-flux:numpy==2.1.1; Comfyui_mobilesam:numpy==2.1.2; comfyui-seamless-clone:numpy==2.2.0; ComfyUI-RabbitMQ-Publisher:numpy==2.1.3; comfyui-scene-composer:numpy==2.1.2; comfyui-structured-outputs:numpy==2.2.2; comfyui-prompt-factory:numpy==2.1.3
sd-lora-trainer,setuptools setuptools==70.3.0,comfyui-structured-outputs:setuptools==75.8.0
sd-lora-trainer,timm timm==1.0.8,comfyui-Image-reward:timm==0.6.13; comfy_clip_blip_node:timm==0.4.12; comfyui_magicquill_fixed:timm==0.6.13; ComfyUI-LivePortrait_v2:timm==0.6.13; ViewCrafter-ComfyUI:timm==0.6.13; ComfyUI_MagicQuill:timm==0.6.13; ComfyUI-moondream:timm==0.9.12; comfyui-seggpt:timm==0.6.7; ComfyUI_SemanticSAM:timm==0.4.12; ComfyUI-LivePortrait_v3:timm==0.6.13
secureapicall,pillow pillow==10.1.0,comfyui_creepy_nodes:pillow==11.0.0; interior-design-for-comfyui:pillow==11.2.1; ComfyUI-RabbitMQ-Publisher:pillow==11.0.0; comfyui-structured-outputs:pillow==11.1.0; StableDesign-for-ComfyUI:pillow==11.2.1; Openrouter-Node:pillow==9.5.0; ViewCrafter-ComfyUI:pillow==9.4.0; ComfyUI-SceneGenerator:pillow==9.0.1; Gecco-Discord-Autosend:pillow==9.5.0; ComfyUI_SemanticSAM:pillow==9.4.0; ComfyUI-AutoTrimBG:pillow==8.4.0
sketch2manga,gradio gradio==3.41.2,ComfyUI-StyleStudio:gradio==4.42.0; ComfyUI-LivePortrait_v2:gradio==4.37.1; ComfyUI-LivePortrait_v3:gradio==4.37.1; ComfyUI_CosyVoice:gradio==5.4.0; FitDiT-ComfyUI:gradio==5.8.0
sketch2manga,numpy numpy==1.26.4,comfyui_creepy_nodes:numpy==2.0.0; comfyui-fal-api-flux:numpy==2.1.1; Comfyui_mobilesam:numpy==2.1.2; comfyui-seamless-clone:numpy==2.2.0; ComfyUI-RabbitMQ-Publisher:numpy==2.1.3; comfyui-scene-composer:numpy==2.1.2; comfyui-structured-outputs:numpy==2.2.2; comfyui-prompt-factory:numpy==2.1.3
